,y_test,mean_predict,predicted_uncertainty
1112,204600.0,207582.7,3081.6858
2904,201600.0,207054.83,3192.1567
4006,206100.0,206854.34,3194.3813
664,203500.0,208812.78,3211.9106
2886,207200.0,209905.8,3221.5713
3861,251200.0,219022.62,3313.7546
1902,170300.0,210339.9,3411.3389
255,289900.0,220296.84,3492.7998
2868,202200.0,210058.8,3492.8296
140,285400.0,208350.19,3551.1133
2257,301900.0,249102.6,3636.4573
3138,190300.0,191483.28,3657.0493
196,187100.0,206022.83,3686.9348
1337,160800.0,216371.05,3692.999
3391,195300.0,215339.25,3735.7275
2503,168800.0,216111.84,3791.885
3535,197200.0,197963.83,3843.6775
933,269300.0,220122.62,3854.586
3199,136200.0,195295.17,3860.1443
2165,186600.0,224191.25,3877.9314
1636,200900.0,200755.28,3889.4072
1444,210400.0,207569.75,3903.3162
1880,224700.0,206438.75,3918.2393
3806,278300.0,215124.95,3921.9216
521,202900.0,206949.58,3944.6643
2638,219500.0,204340.28,3956.5244
3385,189200.0,201834.22,4020.6226
2146,210200.0,199288.34,4054.6462
1761,244000.0,240897.75,4057.0962
2269,199300.0,189147.12,4064.9758
3119,202100.0,213940.38,4078.3684
630,219900.0,204512.22,4078.969
79,190100.0,215458.75,4090.4275
2359,204000.0,217025.25,4120.182
2600,255500.0,222625.4,4134.3413
1753,173500.0,218806.33,4139.6235
1561,135400.0,190153.72,4179.572
1251,161800.0,245420.25,4187.077
3314,268100.0,217803.66,4217.9053
1658,318700.0,241055.58,4223.2627
3423,183200.0,180624.62,4282.3335
3740,194600.0,195824.89,4288.5273
2516,134600.0,190685.66,4301.121
1916,113600.0,186048.3,4325.3667
2277,137500.0,201794.83,4345.4893
2775,233900.0,261811.97,4354.9507
1673,168200.0,178545.58,4376.0005
3066,191100.0,213479.83,4383.8438
3324,139000.0,209822.97,4391.4565
2038,500001.0,231329.05,4398.6406
765,205100.0,237847.88,4407.6313
572,214500.0,200046.1,4408.299
3,183400.0,194073.67,4412.804
826,184500.0,156352.45,4427.545
2799,210700.0,219041.0,4428.6216
2804,188000.0,209005.72,4431.9204
974,193800.0,225150.88,4432.0625
771,206700.0,213881.8,4437.7383
3705,139200.0,162607.62,4442.2354
2564,131900.0,177581.42,4445.742
3240,162400.0,216047.78,4456.616
1752,267600.0,254594.95,4488.151
2305,275700.0,168493.62,4488.307
3939,195800.0,199050.42,4493.772
3175,182600.0,189261.77,4495.674
42,247300.0,232741.7,4501.2573
1978,213000.0,199731.6,4522.307
3516,218800.0,204653.64,4525.182
1475,223900.0,195079.53,4533.676
1592,206700.0,217021.17,4541.3364
3104,215700.0,238800.75,4544.4326
307,230400.0,225263.88,4565.208
608,260000.0,189666.92,4576.624
197,172800.0,212470.17,4582.9873
2110,162000.0,208288.25,4604.441
1145,148300.0,198350.7,4616.842
1098,261600.0,212878.08,4620.789
2739,183600.0,179584.7,4625.984
241,201400.0,218147.55,4628.3555
3920,140600.0,180259.67,4639.9277
240,157500.0,188025.08,4659.335
2599,434700.0,211706.55,4676.798
3099,236100.0,230876.9,4699.994
3632,237300.0,228314.55,4705.481
1227,267100.0,217954.84,4705.687
1131,199200.0,218636.45,4717.4614
1273,270300.0,200748.78,4722.733
3415,193800.0,177362.58,4724.5103
3430,283200.0,263083.8,4730.19
2907,174200.0,212925.34,4740.718
3867,242100.0,137822.08,4753.509
2847,195000.0,205368.45,4757.5444
2554,237400.0,189223.5,4759.0127
122,272200.0,201626.28,4759.6147
3088,206900.0,205865.6,4760.5264
1741,263300.0,213144.12,4766.913
2710,160600.0,192338.1,4770.0596
3359,223700.0,210928.38,4772.8457
2075,225600.0,212796.83,4777.6094
2718,282000.0,199715.22,4778.622
3536,174400.0,188153.1,4796.006
1004,202400.0,193510.47,4796.05
745,187300.0,191731.5,4800.818
1161,198900.0,160723.22,4800.84
3980,183100.0,212446.97,4808.1064
114,500001.0,196291.94,4809.8774
1528,254000.0,231848.7,4812.303
3626,239700.0,206437.97,4820.8633
3506,213800.0,193348.4,4824.026
742,166400.0,194977.58,4833.5093
368,229300.0,253161.3,4841.679
1485,184100.0,173703.8,4863.5137
2514,235400.0,243425.66,4865.411
2158,156300.0,175797.22,4868.7046
1961,186600.0,200442.17,4871.4727
2343,264600.0,216908.53,4875.2383
612,231400.0,228953.28,4876.9263
389,157600.0,173095.0,4878.236
1357,195400.0,215600.16,4906.353
3897,162200.0,188341.72,4913.1655
1587,217500.0,157525.78,4915.258
1312,216800.0,230646.62,4924.403
272,307100.0,256911.75,4925.7334
3754,173100.0,213988.16,4925.862
1486,156900.0,172973.08,4936.0376
3837,236500.0,186694.42,4937.46
1452,179300.0,219287.34,4943.207
461,183700.0,173407.92,4944.2266
3426,156500.0,177233.88,4948.632
1291,147900.0,137645.86,4951.8237
580,142900.0,167825.67,4958.6387
94,230600.0,192319.4,4965.953
3344,222600.0,208435.86,4967.3887
1525,138700.0,154904.61,4968.022
3999,136900.0,192762.5,4989.6514
3752,190900.0,219627.38,4999.4165
1588,169000.0,188362.88,5000.41
2699,141600.0,230038.97,5006.153
345,211600.0,219909.5,5031.5337
3570,258400.0,220427.2,5034.0786
998,121500.0,159742.75,5034.6025
2982,238700.0,260412.08,5038.096
3462,163000.0,156140.73,5042.0703
2965,219700.0,202376.72,5044.2793
3608,231000.0,184864.42,5055.867
820,122800.0,133880.8,5060.8237
2802,206000.0,195205.33,5061.045
776,500001.0,199830.9,5068.4624
1390,205200.0,238598.66,5071.983
3881,183100.0,201394.47,5076.5605
4126,500001.0,188664.88,5079.651
863,216100.0,137642.48,5081.833
1724,194800.0,150253.55,5087.3647
1648,238500.0,192825.34,5089.452
1941,152100.0,201161.52,5091.762
2125,167500.0,193444.3,5094.865
2479,296100.0,197468.9,5099.0576
576,169300.0,155790.58,5099.5776
3215,240900.0,222701.08,5102.744
1356,238300.0,210577.22,5112.414
1973,123900.0,167090.55,5116.5835
1180,173600.0,231353.75,5119.007
3340,208200.0,227947.84,5123.4956
486,170200.0,220701.1,5124.3486
3140,170800.0,207774.84,5128.6523
1732,173900.0,191670.97,5130.6973
3440,183600.0,205307.23,5135.505
812,170000.0,202541.97,5149.9414
817,268300.0,212692.34,5158.2593
3587,119100.0,199448.03,5158.764
3750,146800.0,220791.42,5159.807
749,320200.0,261279.17,5160.7515
3015,250000.0,256416.5,5168.2837
55,167600.0,196496.72,5170.1313
1663,308300.0,261143.55,5178.273
3901,200800.0,221500.25,5192.8145
1225,156800.0,171345.47,5205.739
3488,223000.0,220233.55,5208.7964
3072,185800.0,211823.45,5210.6523
2877,126500.0,182929.62,5211.2544
434,159900.0,183101.28,5218.0044
25,183800.0,220827.6,5218.203
2801,181100.0,205479.05,5219.89
642,203200.0,168575.06,5222.085
1127,209200.0,206767.1,5231.469
2329,229600.0,192163.45,5231.547
2518,165100.0,205453.4,5233.2275
3397,137500.0,193711.11,5240.7134
3560,140100.0,191803.84,5242.815
45,267900.0,207266.5,5243.2124
2244,216700.0,195581.8,5251.7007
1622,183900.0,199619.78,5263.4272
314,123400.0,206137.19,5268.9507
2278,130900.0,149449.3,5270.1753
2846,231800.0,216362.7,5274.639
1634,123500.0,125417.0,5274.9893
62,123800.0,150658.75,5275.1616
3559,139200.0,217269.83,5277.189
1503,211600.0,222634.25,5277.2666
2615,209200.0,214696.17,5280.746
2584,326600.0,202509.22,5288.8145
2404,196900.0,186791.9,5290.664
2172,179000.0,211824.08,5290.771
3286,165600.0,189420.84,5292.936
2235,197500.0,170616.02,5302.6763
1798,138500.0,129391.33,5311.182
887,174400.0,191611.84,5315.568
1554,183800.0,234142.66,5316.6084
3166,257200.0,206995.73,5320.596
3382,190200.0,238628.38,5322.0923
799,179900.0,217626.55,5327.504
2454,217700.0,218624.42,5330.2075
3173,120800.0,142327.5,5337.208
1427,234100.0,206880.47,5350.3633
3259,264400.0,231910.55,5351.805
3574,162100.0,213330.7,5352.681
1865,173400.0,221598.84,5355.101
2144,224200.0,200580.11,5361.646
3825,193100.0,197621.12,5366.157
1704,146600.0,173547.67,5369.6655
346,303800.0,232986.1,5371.594
227,190400.0,185147.36,5375.9976
552,213800.0,188714.28,5376.2007
1540,221200.0,263216.88,5377.082
2768,153700.0,205520.98,5379.739
2679,273400.0,247353.34,5380.64
3903,91900.0,123848.5,5381.893
2267,281500.0,204106.08,5386.3374
2930,166700.0,178365.62,5386.6104
1244,218600.0,257852.72,5394.999
1316,133900.0,148705.7,5396.118
3416,292900.0,241028.17,5401.147
2508,162100.0,138552.0,5401.366
3798,220900.0,211755.1,5405.726
2583,97200.0,135680.45,5406.9434
2228,213400.0,242554.45,5408.3325
2883,241700.0,205512.55,5408.6016
2826,203700.0,222713.75,5409.2993
1539,264000.0,218310.92,5416.0386
1343,192200.0,240951.83,5421.7104
2976,160600.0,205610.1,5429.26
2999,133000.0,139021.16,5429.557
2990,142600.0,164895.25,5430.699
575,280200.0,243959.8,5431.7817
3670,195700.0,223023.95,5436.6143
2119,239900.0,266797.28,5440.1934
3795,162700.0,187405.47,5443.176
2981,193600.0,222648.38,5444.5815
1912,139700.0,140048.03,5448.3867
3744,192300.0,168795.03,5452.139
3529,182100.0,191566.58,5463.625
3011,193300.0,224742.88,5478.2344
211,227900.0,219112.34,5482.1143
2182,171900.0,155650.14,5485.378
400,113700.0,135317.11,5486.9297
3933,217000.0,214317.55,5487.2847
879,220600.0,153382.56,5488.5127
2058,162500.0,214688.25,5491.158
1325,190000.0,223088.05,5494.368
3269,124800.0,136403.7,5497.0806
3094,178400.0,188858.17,5497.3936
3170,230200.0,223609.55,5508.619
1635,196400.0,220019.28,5509.425
685,172900.0,176431.33,5515.182
3985,176100.0,184634.28,5519.967
2100,159200.0,183401.33,5521.4585
2095,154000.0,227154.9,5524.29
683,201700.0,229763.0,5527.1885
83,295200.0,195273.33,5528.4663
870,194500.0,155746.16,5536.825
856,206400.0,153147.58,5540.041
3393,180700.0,164186.75,5544.961
4114,221900.0,154883.08,5549.8325
913,114900.0,120328.25,5552.2373
1817,172100.0,190577.83,5557.3247
1171,148900.0,182986.3,5558.288
2622,195300.0,242399.83,5559.277
1275,228600.0,234203.97,5561.4478
1455,143800.0,199786.19,5563.4824
2230,187600.0,234034.66,5563.982
3855,180800.0,183794.16,5575.6616
905,121400.0,154072.17,5576.4277
171,173100.0,196460.55,5577.7
2207,274600.0,269680.78,5578.731
1508,113500.0,166795.05,5579.35
1087,225600.0,244822.0,5581.399
1149,111000.0,172021.17,5586.3545
66,178300.0,220150.28,5591.521
4062,312700.0,234239.08,5602.2485
753,170200.0,126837.984,5608.126
1470,141900.0,166245.25,5615.536
894,215300.0,210345.83,5617.383
3096,182900.0,196522.44,5617.6265
1546,171300.0,167551.8,5622.5547
438,282100.0,197916.66,5623.4746
1146,170200.0,202136.56,5630.7715
3305,132200.0,145599.03,5632.8936
3747,169800.0,204901.88,5638.486
665,179500.0,199971.25,5639.483
4086,243200.0,270073.6,5642.852
3332,114100.0,132529.9,5643.6875
581,173200.0,142631.52,5644.2505
3115,243600.0,223781.25,5646.089
2696,188400.0,228298.4,5649.748
1092,249400.0,188422.22,5651.249
1189,158700.0,177050.58,5658.653
986,272400.0,200277.62,5658.7437
1437,181800.0,221705.34,5659.6694
1823,293200.0,221156.66,5660.4683
636,160600.0,194648.78,5663.925
177,259800.0,197865.84,5665.277
550,130800.0,153553.7,5671.2046
3364,199000.0,190597.03,5671.963
2970,194300.0,218028.45,5672.971
3697,90800.0,112535.45,5680.708
1075,242600.0,249230.16,5687.9854
3060,151400.0,182417.25,5691.8247
3603,217500.0,191129.08,5701.2383
1454,217800.0,218501.25,5702.2793
1378,221800.0,230529.5,5703.2705
1284,181500.0,197676.02,5706.3105
2760,142900.0,159168.1,5707.383
2485,180700.0,194950.0,5707.722
3618,272500.0,254803.67,5708.2188
2977,226600.0,224683.05,5710.7656
3642,186000.0,135211.75,5711.5103
1604,246400.0,235057.78,5715.955
1972,122900.0,132859.9,5729.9497
1733,149200.0,166249.33,5734.1055
2453,114900.0,175485.9,5736.415
2387,215000.0,194322.1,5739.6216
916,197000.0,199330.62,5755.5986
3666,258900.0,221219.66,5756.4854
439,216900.0,213863.62,5757.363
2314,92400.0,127424.85,5758.528
3756,144600.0,181283.11,5759.9316
3810,154300.0,222562.95,5762.068
1088,248000.0,211554.34,5763.431
356,182100.0,162238.84,5768.4033
4095,172500.0,188402.33,5768.482
953,204700.0,185030.28,5773.197
1151,195100.0,232146.62,5775.9907
2806,210400.0,222816.78,5784.4253
1742,160900.0,135032.62,5789.209
2229,187300.0,223624.6,5792.7705
2298,161300.0,187225.8,5792.952
695,200600.0,197861.95,5793.575
3640,168600.0,174549.39,5793.61
2835,137000.0,137441.53,5794.183
2567,196400.0,196952.45,5795.6157
466,163300.0,181238.42,5796.4604
472,168100.0,199102.88,5804.686
1641,182100.0,191511.05,5809.648
571,118500.0,151955.92,5810.1294
2869,135700.0,187772.38,5810.458
3395,132800.0,139280.1,5816.2446
3110,181300.0,143880.27,5819.3384
1363,87500.0,144006.3,5820.673
1967,178400.0,166865.16,5823.3076
1694,187500.0,194533.84,5824.616
2666,179700.0,219401.62,5827.0557
3778,198100.0,176558.81,5828.295
1568,220800.0,206394.95,5828.9243
3264,157800.0,155424.53,5830.4917
3730,240700.0,248340.66,5834.0757
1102,102300.0,181480.2,5839.3022
892,195100.0,187827.14,5839.5913
3085,165000.0,195265.86,5842.5547
2542,272300.0,229807.45,5843.9253
827,152400.0,222746.66,5844.137
3400,341100.0,203542.4,5844.7144
3024,208600.0,221108.7,5849.8945
399,190300.0,170056.17,5850.192
2040,188800.0,186118.2,5851.2393
3781,198300.0,231984.34,5853.3677
1247,214300.0,130407.95,5855.824
3112,199300.0,169220.31,5857.9067
2,258700.0,192267.25,5868.2188
3002,116700.0,171899.6,5871.811
3691,139100.0,143906.66,5872.2188
263,189700.0,133692.36,5872.784
975,181900.0,207141.3,5878.824
1436,127200.0,132314.16,5883.1235
130,239200.0,217044.28,5885.4897
1757,172500.0,199917.89,5888.6978
1729,146900.0,127554.35,5889.816
3079,240800.0,228760.88,5889.9497
2291,228700.0,218955.16,5898.007
3743,177900.0,197391.72,5899.1543
372,192500.0,196448.62,5904.082
496,195100.0,214423.3,5905.0317
927,208800.0,208542.62,5907.219
1441,243800.0,192532.02,5908.7026
3160,180500.0,159979.64,5911.379
2945,195800.0,204161.12,5911.6284
3210,171500.0,192867.25,5914.674
1846,191900.0,231323.55,5915.3633
2919,43000.0,133401.38,5918.779
2177,115800.0,198135.94,5919.5225
2113,212300.0,240949.33,5926.597
3155,239300.0,180725.25,5926.6567
1851,200000.0,147463.84,5929.7725
1953,145800.0,194674.69,5948.3276
3847,122300.0,119221.75,5949.639
3811,160700.0,209637.92,5955.5977
1478,197600.0,191184.78,5956.9033
1192,171400.0,194168.84,5957.7075
673,218100.0,242562.0,5961.2695
512,176900.0,133347.34,5969.102
1980,168900.0,211313.2,5972.1245
3468,90600.0,170731.6,5977.351
4011,137500.0,146027.1,5977.9106
3250,198000.0,188541.28,5983.7256
3390,197200.0,198567.17,5985.98
1800,211100.0,224534.0,5986.072
2448,160200.0,181797.34,5988.4414
2591,173400.0,258385.84,5988.75
1501,258100.0,247136.55,5994.6724
2659,253900.0,215229.78,5995.258
2409,160300.0,178585.84,5995.3115
848,376800.0,230019.3,5996.27
2303,201700.0,194974.42,5997.2046
1387,227800.0,191136.62,5997.801
1995,238300.0,256842.84,6001.407
943,186500.0,227803.16,6003.018
2764,163100.0,147134.52,6012.2046
1670,243200.0,168115.2,6022.4185
1473,239900.0,215465.9,6024.3955
1632,164400.0,189915.6,6033.64
2913,184800.0,192801.66,6038.7266
1361,172100.0,166189.34,6045.2876
3159,192400.0,229650.84,6050.406
3972,178700.0,172272.33,6054.433
1918,240700.0,243144.58,6055.439
1883,158200.0,196039.83,6056.3877
674,280100.0,199284.47,6057.7354
1069,181800.0,201553.19,6064.674
773,125200.0,144238.62,6071.894
4124,155900.0,141717.52,6072.929
1877,279100.0,214371.95,6075.6016
508,191100.0,195507.58,6079.309
3997,194200.0,188985.28,6079.648
471,104100.0,126016.36,6080.627
4080,164500.0,182998.16,6085.226
4012,149500.0,133257.03,6086.618
2213,270800.0,224706.84,6087.9824
1418,159400.0,151753.84,6089.462
2109,159100.0,162512.69,6095.5767
3551,213200.0,197806.17,6096.252
2989,220800.0,214954.34,6100.2812
3604,146300.0,131074.1,6103.102
3703,233300.0,255830.0,6103.2505
3896,218400.0,182932.77,6108.5693
408,199100.0,189771.1,6112.0645
1511,261300.0,222207.95,6116.114
2427,152900.0,213979.7,6123.8794
1603,325000.0,196171.34,6131.6406
2300,210400.0,229891.2,6132.106
2616,174000.0,148750.77,6135.646
1209,210900.0,168281.4,6140.9243
173,208100.0,169502.56,6141.8545
1376,216500.0,194132.7,6146.1064
3325,111100.0,125472.17,6146.143
2957,192800.0,245304.3,6146.741
2104,202300.0,223931.84,6149.608
1242,180900.0,185438.38,6154.391
3789,141900.0,113856.6,6157.5664
134,182900.0,167323.38,6158.2505
2152,209000.0,181683.28,6159.285
1986,120800.0,175179.0,6162.8228
414,238700.0,254934.55,6165.5864
1417,333700.0,224797.55,6168.352
2010,154300.0,191986.89,6174.626
236,128900.0,112059.29,6176.2373
4123,98000.0,132730.33,6178.37
2831,144800.0,140671.67,6179.464
2042,203000.0,193919.17,6184.559
3267,124200.0,194909.34,6186.2974
903,146700.0,194237.33,6187.495
2202,450000.0,203588.84,6187.667
3767,187700.0,178351.66,6196.1045
1954,148700.0,202204.55,6200.3647
1494,172400.0,195251.11,6205.082
3270,247600.0,208612.55,6207.5566
1989,186800.0,228407.9,6209.168
3983,253200.0,212832.16,6210.082
3050,198400.0,159238.22,6214.577
3598,191100.0,194006.92,6219.522
723,174500.0,204730.05,6220.219
1676,215900.0,195114.47,6221.6562
375,193000.0,215439.47,6222.2563
135,228100.0,160117.88,6232.763
3784,132500.0,187452.05,6247.7676
2169,95200.0,169895.8,6248.2607
1933,229900.0,204851.16,6248.7827
1117,169400.0,205595.61,6249.889
1806,163300.0,184113.52,6252.4507
1969,270700.0,251982.2,6257.535
1573,310000.0,188807.16,6262.2485
2064,168300.0,208169.9,6264.6187
955,133300.0,162674.19,6266.1543
1134,248400.0,252126.75,6268.8237
3503,124700.0,120642.04,6272.37
2092,141100.0,196865.2,6273.4033
3151,133300.0,159546.48,6276.0103
1280,117700.0,133017.9,6278.319
2776,136000.0,149913.08,6280.0034
2449,100000.0,221947.95,6281.3706
3421,225200.0,228236.1,6287.1255
2168,120100.0,127720.96,6291.3228
3757,219900.0,242640.05,6292.793
2523,121600.0,150102.17,6294.7495
653,161700.0,219971.62,6297.598
1067,143800.0,133968.31,6297.968
2582,175000.0,190945.5,6298.177
2419,117800.0,152277.95,6298.87
1529,175000.0,181673.42,6304.1997
2959,104300.0,191993.47,6313.0425
1681,227100.0,211735.1,6314.6743
731,219800.0,206793.17,6317.0703
1021,245000.0,222272.95,6321.049
2842,144300.0,156735.55,6325.1426
2322,126500.0,134213.16,6334.5825
1521,164300.0,196927.95,6343.8125
379,110400.0,142675.95,6347.493
2138,212000.0,203143.47,6348.8203
451,293900.0,240884.8,6350.3267
617,146300.0,147242.7,6353.205
2625,131700.0,153673.3,6359.3955
3224,185400.0,176158.4,6360.774
1664,209900.0,189790.78,6362.029
3077,295400.0,209606.72,6363.7017
4074,172800.0,184909.22,6363.7817
3947,260600.0,279711.9,6364.2656
1527,86200.0,106398.02,6369.0107
3339,100000.0,132538.47,6370.858
3931,166300.0,185596.86,6377.2188
136,98600.0,132398.31,6380.657
3095,183900.0,184721.34,6389.09
3136,105700.0,123232.21,6389.1597
3946,262100.0,252018.34,6392.598
2691,215500.0,250394.66,6393.456
2996,88100.0,105784.35,6396.277
1036,221700.0,215891.97,6397.742
880,146500.0,194058.0,6399.2754
323,212800.0,193973.22,6399.6133
1699,223300.0,233718.25,6401.931
2296,150000.0,190905.84,6407.6157
11,123800.0,131784.36,6409.2905
3279,188800.0,183415.1,6409.7017
4055,150800.0,160727.03,6411.847
2751,184900.0,190225.7,6412.446
1424,165800.0,180855.19,6419.1655
3605,157300.0,164376.73,6420.274
3613,160800.0,175352.53,6422.9907
3355,125000.0,124200.52,6429.2905
70,186500.0,148681.84,6430.745
1461,121400.0,144625.17,6431.76
310,134800.0,121072.23,6435.655
923,162000.0,177987.05,6438.3726
2558,172700.0,211795.9,6447.5913
1743,106500.0,125931.98,6452.3096
859,267500.0,237267.95,6453.3335
2541,251300.0,249631.4,6454.6626
694,300000.0,206972.17,6459.5596
2533,195200.0,189724.8,6460.277
868,160200.0,176973.58,6469.399
3348,166600.0,234332.5,6474.182
2632,154200.0,187162.75,6476.594
3317,204300.0,224586.83,6478.9497
1080,157700.0,205933.47,6480.823
732,141800.0,170238.38,6483.121
166,129300.0,110143.33,6483.5444
1560,231800.0,129884.48,6484.029
3502,175200.0,211656.7,6484.845
2126,246400.0,248488.95,6487.119
222,130600.0,234155.4,6488.763
342,132000.0,129331.14,6494.9375
601,91300.0,167875.88,6499.9595
4097,146900.0,151477.98,6500.2188
2106,199100.0,188853.45,6501.047
3721,177800.0,120424.46,6502.138
2014,168300.0,204842.23,6503.92
2604,149800.0,194805.67,6510.05
3013,176900.0,201326.83,6515.6235
2062,159300.0,133985.72,6517.493
2530,96000.0,106253.06,6517.9956
3158,108300.0,184990.25,6523.877
4089,182500.0,223439.25,6526.14
2695,231700.0,201522.66,6526.5986
611,300000.0,135605.34,6529.6514
3540,304900.0,258206.2,6536.6855
1443,159500.0,136734.88,6538.5435
157,131300.0,162556.6,6538.721
3681,192000.0,159300.83,6541.2646
2238,229200.0,266365.53,6542.405
3227,160600.0,207930.78,6544.5615
1003,229200.0,223816.45,6544.6924
2668,137500.0,159217.58,6545.35
3546,126900.0,137132.23,6550.5063
620,217100.0,243485.95,6552.906
3476,146400.0,189861.88,6553.357
3921,112800.0,137762.72,6558.314
3498,179500.0,235599.92,6563.3745
1768,113600.0,136337.2,6566.2686
3631,187200.0,201049.81,6575.2544
3477,203700.0,197571.62,6576.7026
2395,170800.0,172204.95,6577.0103
1744,220900.0,235664.05,6577.6963
1107,99300.0,137564.12,6578.6606
1512,253700.0,229870.4,6578.823
2546,209800.0,199571.03,6583.0547
2324,137500.0,114462.52,6588.0537
1751,85200.0,122788.06,6589.2866
628,159500.0,184141.55,6589.95
3425,191900.0,185124.4,6590.52
1630,315600.0,270539.44,6594.0933
3862,269800.0,223273.7,6596.1313
2456,146700.0,172264.64,6597.8027
1822,87500.0,155256.4,6598.404
1977,136400.0,204928.55,6599.3306
3341,129200.0,145649.55,6601.861
175,126500.0,163132.58,6605.309
2837,122500.0,130253.05,6606.746
2948,143800.0,160628.6,6612.131
901,166000.0,185406.2,6612.3755
420,114300.0,138618.45,6612.394
2504,88300.0,119928.45,6612.47
4034,195500.0,180615.25,6616.314
2255,257400.0,255409.16,6622.7783
3042,190900.0,183582.0,6624.866
322,67500.0,181977.34,6625.4614
4091,223100.0,218296.66,6625.8936
2128,179500.0,153289.19,6629.492
4013,117600.0,141522.6,6630.705
1609,146900.0,172451.3,6633.641
1295,169100.0,203835.23,6640.3765
595,164800.0,234869.97,6641.723
3368,159200.0,189255.12,6643.556
1621,124000.0,185560.88,6648.6084
1465,136100.0,207809.25,6649.7295
1948,148800.0,134713.3,6650.9
362,115300.0,124675.95,6652.0605
2732,83500.0,109630.625,6653.2227
1550,192200.0,181515.33,6653.473
1843,182900.0,203473.5,6658.5728
448,288400.0,193851.78,6665.0283
1044,186900.0,207216.25,6665.969
2870,232900.0,211171.83,6668.553
2294,252600.0,201094.34,6671.053
3242,181400.0,223043.7,6675.084
215,179100.0,200062.75,6679.189
91,160700.0,178139.8,6684.8037
3307,184100.0,165787.03,6686.103
1755,113400.0,121345.94,6687.7427
2680,137800.0,181562.8,6694.3057
3709,134300.0,134448.16,6694.4175
497,165600.0,173736.84,6696.9233
2323,205900.0,212028.7,6700.053
1185,236800.0,180096.84,6702.6035
1842,286000.0,259619.3,6704.28
2220,175500.0,179397.2,6704.406
787,263000.0,252246.45,6707.1885
3030,184800.0,199731.4,6713.012
917,139700.0,143535.52,6722.3296
2512,134600.0,201009.08,6728.964
1106,196100.0,195859.08,6730.5625
2758,144100.0,128643.586,6733.54
1178,162500.0,185651.2,6734.2056
3475,184500.0,193855.0,6737.9253
1499,132700.0,144627.62,6738.0254
2051,195900.0,234171.66,6738.995
260,131300.0,188502.78,6739.041
760,282600.0,233936.5,6739.421
3333,125000.0,129570.164,6746.8975
835,113900.0,105697.8,6750.929
3086,176100.0,174741.75,6752.4604
2470,111100.0,108627.8,6752.574
470,107700.0,108373.5,6756.062
2311,267600.0,145950.5,6756.9263
2785,148500.0,119400.266,6757.761
797,185000.0,221647.05,6759.2163
2641,137200.0,167149.52,6759.3296
2129,204900.0,241224.34,6761.023
1766,179200.0,199734.28,6765.679
202,293300.0,119360.23,6771.4287
3084,273400.0,226699.47,6772.4204
864,118300.0,176850.25,6780.6045
3352,113500.0,109981.11,6784.585
500,132000.0,152313.34,6787.1226
3517,162500.0,180562.62,6787.2944
1897,177400.0,235218.67,6788.911
2701,113000.0,106276.375,6791.431
1266,157200.0,186722.7,6794.981
3217,262100.0,258772.45,6797.813
1735,172100.0,190685.72,6800.7393
536,154500.0,157984.47,6801.2456
1118,170500.0,177008.66,6805.3115
3635,154600.0,212365.1,6805.71
291,205600.0,181562.05,6808.26
3260,167600.0,211937.97,6817.1816
2719,191700.0,167013.03,6824.987
3853,129300.0,134519.55,6825.283
1154,221100.0,225893.1,6827.33
862,165300.0,169114.25,6830.0645
303,116400.0,129915.71,6831.472
3128,240300.0,235310.42,6836.8584
579,162500.0,200792.62,6840.1113
361,500001.0,205993.83,6841.9653
855,136000.0,235090.84,6846.2803
1845,121300.0,125524.79,6846.628
3027,122800.0,135605.5,6850.37
1692,187500.0,194494.84,6854.5312
637,77400.0,108763.95,6861.6943
3949,226500.0,210697.5,6862.4463
455,124500.0,98162.92,6864.2676
20,311100.0,267081.47,6866.786
4049,163100.0,143790.4,6868.229
337,246000.0,228847.5,6870.5376
569,218300.0,230134.16,6874.004
1109,98300.0,119274.625,6874.0146
978,208300.0,174204.67,6877.878
3037,88300.0,129727.08,6878.408
315,190600.0,197671.0,6882.4253
3656,187800.0,168537.1,6883.12
1830,158000.0,165209.77,6883.69
3273,102000.0,128545.04,6887.951
2836,285200.0,266197.6,6889.744
1331,121700.0,122901.27,6890.5
164,178200.0,214120.12,6893.5405
494,151900.0,133294.97,6893.7437
376,154200.0,200376.47,6897.3394
3550,52600.0,107610.86,6898.1416
147,190500.0,197363.72,6906.674
2450,261300.0,155129.92,6911.2085
3523,266700.0,231739.42,6911.939
968,122900.0,115417.64,6912.4185
252,390200.0,250986.78,6912.943
681,173800.0,227054.05,6915.3726
1073,259200.0,193827.34,6916.1353
3989,264100.0,281036.78,6926.2856
2498,96000.0,110538.766,6927.848
1668,281300.0,187808.25,6929.2856
1439,179100.0,206980.05,6930.419
2201,114300.0,193380.8,6933.154
2250,164100.0,171985.88,6934.5303
2889,147900.0,132704.53,6934.6
3725,206700.0,243504.0,6934.8804
814,145500.0,144126.84,6943.599
210,300300.0,273550.1,6951.6455
2805,184900.0,217142.9,6951.8457
2306,148100.0,195954.42,6953.4453
3243,142100.0,201735.23,6956.731
2667,362500.0,182738.2,6956.7427
1052,191900.0,162219.7,6958.0576
2773,280200.0,214299.95,6959.313
3845,182100.0,125505.6,6963.274
1910,218000.0,186161.39,6963.9795
1199,187500.0,212203.38,6964.6216
3201,142100.0,120896.73,6965.27
2559,338900.0,188062.78,6967.6357
3672,137500.0,198117.3,6967.7397
3442,200200.0,216330.58,6969.2007
954,267200.0,254167.0,6970.3096
3337,140400.0,176326.2,6972.661
3188,128300.0,145153.92,6974.501
1710,180000.0,213799.05,6975.2905
3398,163500.0,182978.4,6976.139
2912,225800.0,239237.5,6977.0044
84,201800.0,220701.17,6981.0654
3711,165000.0,175728.16,6981.1533
2517,192300.0,167206.75,6981.454
1949,116300.0,118799.55,6983.4023
2392,149600.0,198369.92,6986.4883
183,226200.0,177342.95,6988.488
3239,300300.0,257762.0,6988.856
2047,123900.0,123349.65,6994.249
2496,150000.0,185194.75,6996.0317
1158,136300.0,191455.97,6996.93
1370,213400.0,214108.16,7001.534
1700,189000.0,218266.5,7003.302
759,141000.0,178867.39,7003.3896
150,259800.0,223535.5,7003.9316
558,195800.0,228524.2,7006.9688
324,181900.0,160762.02,7010.0605
2820,111800.0,124148.734,7010.907
1224,164400.0,201210.11,7011.547
2552,99100.0,120900.42,7016.986
1321,301100.0,224891.25,7017.466
2952,179200.0,185752.17,7018.831
1228,225000.0,169163.17,7020.6533
4127,148800.0,189711.8,7022.794
2194,283200.0,294651.5,7023.0903
3814,165500.0,199086.95,7023.6187
1079,292200.0,270267.38,7025.864
1517,171900.0,119545.734,7027.096
30,104800.0,160277.03,7027.5054
2705,112000.0,122477.33,7028.1196
909,225200.0,237837.97,7029.295
3827,130600.0,132672.03,7034.0493
1156,160400.0,160551.95,7039.0234
1966,158000.0,220356.84,7040.079
2369,279200.0,249414.97,7041.93
2285,114400.0,130433.516,7042.895
1779,132600.0,154072.69,7044.7295
2394,271300.0,196154.17,7045.5713
563,118500.0,130032.54,7045.957
1633,128100.0,118406.234,7050.1025
3105,172800.0,131806.17,7060.499
1796,128900.0,108179.55,7062.2456
51,400000.0,291543.8,7064.766
1867,169500.0,195090.39,7068.148
2766,210200.0,222570.03,7073.1245
850,81700.0,108693.71,7074.2275
1754,99400.0,173418.58,7075.4683
3221,141400.0,130094.266,7079.464
3668,137500.0,163321.22,7079.9385
2491,188900.0,157712.61,7080.031
2313,226900.0,228339.25,7080.556
1195,213400.0,225615.34,7081.573
3489,205000.0,213700.84,7083.9766
1600,193200.0,179092.3,7086.6167
2354,145000.0,141960.06,7091.072
3035,150000.0,152347.83,7092.6357
318,210100.0,228449.75,7100.5684
3504,247200.0,253735.83,7101.708
3053,220800.0,195843.72,7101.9453
125,226500.0,165233.3,7104.0225
4037,245800.0,224866.66,7104.596
3556,187500.0,217241.55,7105.486
1208,98500.0,108895.04,7105.7437
244,86200.0,118625.67,7107.167
1837,228600.0,203637.78,7107.717
4028,249300.0,205845.47,7109.7905
995,97300.0,169774.45,7111.8257
3041,201800.0,130678.83,7113.6016
2958,254400.0,218379.55,7115.406
1500,131200.0,219188.16,7121.5244
2007,100000.0,131940.84,7124.627
3924,180500.0,235264.25,7127.2
2661,204600.0,235882.84,7127.3247
2118,187100.0,227561.75,7139.341
940,361700.0,209180.62,7142.0957
3162,212500.0,152159.97,7150.874
351,135700.0,143579.8,7159.468
4076,192500.0,159683.22,7160.031
3943,138000.0,193725.62,7162.315
3413,157100.0,132853.6,7169.979
867,180000.0,174224.61,7170.215
718,200500.0,226619.25,7176.707
712,167600.0,201365.22,7178.8535
1832,246900.0,182099.78,7181.573
3238,139000.0,133246.94,7182.2866
1493,128300.0,150518.17,7183.1953
2101,169700.0,166941.6,7184.6978
1660,231300.0,168177.47,7188.641
2708,226500.0,219695.5,7189.292
2437,283100.0,237863.9,7194.128
3785,137800.0,190141.28,7195.558
3147,275300.0,238562.1,7195.917
956,175000.0,168866.34,7197.8115
476,146600.0,182412.16,7199.0723
792,66300.0,124005.21,7200.747
302,87500.0,186003.5,7203.3984
2275,196900.0,119536.1,7204.315
2091,105500.0,131375.92,7205.2563
633,202500.0,190374.55,7205.3154
1818,153600.0,188611.22,7206.412
2192,349000.0,287203.7,7207.319
2236,100900.0,125886.42,7210.0356
3499,150700.0,166057.98,7211.4736
2072,174500.0,160439.45,7211.778
1583,184400.0,165027.92,7212.7236
3289,195700.0,208127.53,7218.804
3331,90600.0,160013.48,7218.931
3290,134100.0,118930.65,7224.638
297,234600.0,233825.25,7226.852
3594,120200.0,97909.02,7228.125
813,285500.0,183215.86,7234.3306
2998,184200.0,157605.66,7234.398
2385,437400.0,270691.84,7237.2656
1471,331300.0,140297.0,7240.076
3470,193800.0,174228.14,7241.3164
456,286500.0,251914.34,7242.791
406,209500.0,206010.47,7243.4673
1483,103800.0,115876.65,7244.351
46,113300.0,157690.11,7244.6104
3794,269100.0,256024.0,7245.4272
8,140600.0,139726.12,7245.7896
2934,178700.0,212793.62,7247.038
1477,174100.0,173150.38,7248.4346
2871,187000.0,192843.8,7249.4844
2757,250000.0,179799.52,7252.4053
810,102600.0,129215.0,7252.4863
2473,272800.0,288171.66,7258.21
3549,185200.0,198778.84,7260.928
2304,332000.0,289882.7,7260.9844
1472,127600.0,130830.33,7264.5806
1943,361900.0,183461.33,7266.8154
2370,248400.0,183926.53,7267.39
1197,362500.0,268195.4,7268.1333
3893,95000.0,132922.27,7269.7754
3936,90800.0,119206.914,7271.9634
264,170800.0,187842.3,7273.0356
2655,184400.0,188816.58,7275.5474
3738,134500.0,140554.25,7276.888
4025,156800.0,119702.58,7281.649
1749,181800.0,204731.84,7292.3623
1570,121900.0,132981.5,7297.0557
3122,124200.0,133251.39,7298.8276
3124,191800.0,200303.9,7300.433
4120,370800.0,198993.22,7300.921
2364,127300.0,114302.7,7301.184
436,228500.0,232313.45,7305.1636
4026,150000.0,163813.6,7312.2197
3187,158100.0,197824.53,7312.6753
3722,132200.0,160257.75,7313.2476
3766,218200.0,225847.33,7313.632
3653,122200.0,214947.67,7316.5376
1763,97000.0,153868.86,7318.2256
2288,217000.0,172926.62,7319.323
2164,222100.0,183011.66,7319.7554
4015,173300.0,146265.9,7320.629
3614,195800.0,246477.22,7324.439
2627,167100.0,144382.28,7324.8745
1611,80200.0,119138.8,7327.608
1564,127100.0,132766.84,7328.0684
123,179300.0,219181.8,7329.006
2071,173800.0,229076.9,7330.7363
2190,168600.0,195736.5,7331.799
3519,111800.0,122255.7,7333.673
1734,164000.0,186169.23,7336.2017
3905,150100.0,166906.39,7338.2056
3657,99100.0,117628.46,7338.8755
4105,193800.0,167970.62,7339.56
3671,167600.0,159942.6,7340.7217
4040,167400.0,143135.4,7344.3496
2176,109500.0,123296.81,7347.493
690,224700.0,213638.0,7349.3887
1590,154500.0,183997.92,7351.764
2407,500001.0,154721.78,7353.3374
3716,198400.0,205128.69,7353.492
1982,189800.0,197348.03,7353.74
3990,145800.0,209845.45,7355.1685
3318,341300.0,268835.56,7356.4263
286,88200.0,140276.58,7362.6265
2688,194500.0,144243.7,7370.457
1211,95300.0,105863.375,7376.6133
1497,156300.0,199962.1,7380.6616
2903,210600.0,241029.84,7381.4487
2796,115600.0,125027.83,7381.7383
2664,271200.0,253546.28,7384.039
2487,150900.0,180970.81,7387.015
3455,211900.0,182434.55,7387.322
3008,163500.0,138634.75,7389.087
748,375000.0,202615.31,7390.971
1115,90800.0,151342.28,7391.076
1068,181100.0,231692.42,7392.358
2400,248200.0,180353.22,7396.382
2928,108900.0,209225.14,7399.095
1217,167200.0,166080.72,7400.1006
2408,107200.0,120108.6,7400.2593
424,148800.0,127336.234,7400.447
72,208300.0,182030.72,7400.524
386,192300.0,190507.05,7401.6387
2510,133300.0,171376.62,7402.1353
1393,162500.0,170813.97,7409.085
2399,263400.0,218903.66,7415.4106
4094,108800.0,125857.25,7415.8105
1283,236300.0,216521.08,7416.1143
657,235700.0,242581.7,7418.8525
3727,110000.0,176983.9,7419.822
53,173600.0,216636.84,7425.247
2154,196900.0,192069.69,7427.6514
2983,184900.0,192626.95,7427.9214
951,72000.0,104608.95,7428.6416
2333,135400.0,180723.08,7429.7383
902,177500.0,154192.6,7434.5586
3974,168400.0,232843.03,7436.957
2715,238200.0,229469.7,7437.805
3792,192100.0,182600.33,7441.546
941,200000.0,202178.16,7449.1357
2055,142700.0,136892.58,7451.2095
1458,198500.0,118390.15,7453.947
1435,118400.0,120624.375,7458.0483
873,256700.0,211139.12,7467.9424
366,208100.0,210733.66,7475.4004
172,170400.0,197030.16,7478.8247
2198,261400.0,220859.38,7481.9434
3565,154200.0,186975.48,7485.185
1157,118200.0,132637.45,7486.138
35,216100.0,175475.02,7491.16
1556,225000.0,223745.6,7494.4053
554,171300.0,152059.89,7495.8022
3864,333500.0,268930.78,7496.1685
1159,139100.0,117375.85,7497.8413
1772,104200.0,171528.64,7499.002
2577,325000.0,262611.84,7506.765
90,104400.0,122196.75,7508.3525
1585,246900.0,212377.05,7515.018
1801,67400.0,96618.03,7520.1978
1220,123100.0,118479.0,7522.922
3578,266800.0,225166.05,7526.444
3868,185600.0,210697.67,7530.014
2016,347700.0,201841.7,7533.3643
1813,174100.0,195654.17,7534.8696
3841,297600.0,232832.03,7536.508
1824,149100.0,161261.97,7543.5425
3321,279300.0,248388.5,7543.7236
3723,137500.0,177837.75,7548.657
1974,135800.0,157639.25,7551.1074
3595,140600.0,127182.5,7552.358
1423,94000.0,177257.5,7554.2744
3821,88400.0,96861.61,7556.74
1988,69000.0,115891.27,7556.9546
1105,122900.0,159862.53,7558.169
119,407500.0,226696.95,7559.5137
1606,145800.0,173895.62,7560.338
2505,240200.0,256811.8,7565.0444
2593,226900.0,205320.28,7565.8667
2772,374600.0,218153.1,7566.083
1290,166500.0,221974.62,7566.946
3153,245400.0,198541.75,7567.717
2656,158700.0,173933.36,7569.996
1579,166300.0,143069.92,7570.368
1399,256000.0,275965.8,7570.7676
1277,339100.0,213589.5,7574.283
3975,46900.0,176314.16,7576.1177
1839,226400.0,190681.06,7576.2627
3338,233900.0,229911.08,7579.7124
3533,141000.0,152348.16,7579.713
3134,146900.0,144669.52,7586.4067
269,189800.0,171303.78,7588.3257
3589,85700.0,139451.92,7590.0376
3261,181300.0,176065.66,7595.882
546,126600.0,118541.44,7602.3164
61,210000.0,179108.47,7609.956
2683,198800.0,173170.92,7610.331
1903,102600.0,116974.77,7612.469
1728,226300.0,194445.58,7613.7427
2841,88900.0,114493.5,7614.2476
805,170800.0,224891.5,7614.9194
3327,73800.0,170682.44,7616.7617
1152,183200.0,211247.55,7618.608
16,185900.0,169554.03,7619.2773
1126,293800.0,241446.42,7625.639
2489,220600.0,257808.2,7629.1357
416,132200.0,138628.45,7629.4604
815,119600.0,132519.06,7631.337
932,239500.0,186778.75,7635.137
2445,227100.0,176146.5,7638.5845
1562,185400.0,131855.72,7642.5146
4031,115000.0,149928.45,7643.3745
3274,165000.0,223424.5,7646.2104
1669,275000.0,190910.4,7647.2534
2678,189300.0,225396.2,7648.197
587,224500.0,180304.12,7652.926
3244,274600.0,226213.05,7663.651
1826,246000.0,241188.97,7664.965
2927,70000.0,106268.98,7668.6343
3593,99600.0,143638.45,7668.65
3365,172600.0,182004.36,7674.3267
469,95300.0,119087.36,7674.7383
918,164700.0,190740.1,7675.3076
1712,252900.0,243644.2,7677.9463
544,158900.0,177947.08,7678.6035
3956,138800.0,103295.99,7678.7695
2028,110800.0,128751.14,7679.07
2371,237500.0,228580.58,7679.5703
138,240900.0,205282.7,7680.3027
174,241400.0,240632.47,7680.335
2832,185500.0,229561.84,7680.9
3882,170500.0,109418.85,7684.6597
2906,174000.0,145097.22,7688.5854
1913,207900.0,181891.89,7692.54
273,122800.0,127945.484,7692.5547
2312,112700.0,132795.88,7694.7803
530,138000.0,200670.0,7695.1567
1821,89300.0,142190.02,7696.044
3334,189000.0,223207.95,7697.165
1926,154200.0,179413.66,7701.2256
3186,311100.0,214015.92,7703.884
2065,69800.0,126663.92,7704.4204
791,114300.0,128842.85,7710.648
2178,400000.0,180267.9,7714.0635
258,259400.0,222635.16,7714.413
3914,113500.0,170134.03,7716.5654
960,138000.0,192751.08,7720.8843
3651,165500.0,236742.3,7722.5957
3473,200300.0,188483.9,7724.9683
3915,232800.0,227648.28,7732.5376
2079,162800.0,172553.25,7735.7183
3363,73400.0,105738.36,7739.9546
3023,122500.0,177632.1,7742.9844
3478,86700.0,96425.23,7745.022
959,111400.0,102980.63,7749.52
1246,178100.0,161207.08,7749.824
2963,168300.0,211932.16,7750.1045
607,111900.0,116303.65,7751.9106
1319,234500.0,241815.62,7752.66
920,213000.0,129034.65,7752.8423
458,186200.0,205993.3,7759.4565
1716,135200.0,163206.84,7760.132
186,166300.0,182330.72,7760.693
858,229700.0,221233.84,7767.2544
1265,109200.0,117541.27,7767.445
3510,260500.0,245113.17,7772.096
2034,300000.0,208282.69,7773.758
3220,196400.0,212701.1,7777.442
3009,176800.0,170605.7,7779.8574
3034,183300.0,214730.53,7780.9546
3541,270100.0,224685.4,7781.8525
871,77500.0,114734.56,7785.994
1687,133500.0,216851.33,7790.2017
103,177500.0,163738.4,7791.6016
3223,244900.0,250227.7,7792.286
775,243500.0,213573.05,7795.0327
2332,167400.0,226594.92,7795.911
967,137000.0,180264.78,7795.987
2123,282300.0,205801.16,7797.63
1858,500001.0,186201.19,7797.866
86,161200.0,185260.78,7801.1113
234,202900.0,231705.75,7801.729
2917,295300.0,234670.84,7802.4717
308,140600.0,201393.33,7805.2485
3150,90900.0,112305.67,7805.3037
621,129900.0,140367.66,7805.7725
3280,85800.0,98621.64,7806.3726
3573,230800.0,186962.08,7811.3657
2383,203500.0,256865.4,7812.5903
242,164300.0,179258.86,7812.711
4101,206000.0,228201.4,7818.911
3652,275000.0,166478.83,7819.7314
1292,151300.0,211962.45,7820.3584
3759,208600.0,216786.03,7822.326
2163,151600.0,162695.88,7822.852
1039,162500.0,184214.89,7823.3125
2048,162500.0,156313.86,7823.7026
271,217400.0,193861.97,7824.894
1758,165300.0,215596.3,7825.2944
1428,101100.0,117034.19,7827.365
1515,136100.0,185029.97,7827.6445
3193,190500.0,208575.14,7828.856
3065,233000.0,173498.78,7835.9526
972,182100.0,211330.62,7843.597
1233,149500.0,129208.836,7843.672
2295,175400.0,202665.84,7847.473
2748,84600.0,101438.15,7850.563
1523,150400.0,209225.06,7851.8164
216,179200.0,176325.16,7853.737
2880,207000.0,228690.16,7859.868
450,116300.0,116771.625,7863.427
2093,178600.0,209091.62,7879.012
757,256400.0,234569.88,7879.6523
2388,162500.0,117357.83,7880.7397
3895,104600.0,105180.42,7887.8936
3092,95600.0,106138.67,7892.593
1612,158300.0,204511.11,7893.1753
338,177800.0,161535.6,7896.144
3677,130400.0,199688.95,7897.0635
1951,151400.0,171766.16,7897.537
3326,141700.0,187280.27,7897.7734
3791,126600.0,193205.4,7899.606
425,152100.0,235152.58,7899.809
3818,231000.0,230183.1,7905.145
3683,74700.0,103495.984,7905.918
2414,103100.0,103819.06,7910.512
1538,248100.0,230530.3,7917.2705
615,248600.0,240018.5,7917.4756
872,158000.0,219162.55,7925.3687
1935,220100.0,243247.55,7927.9873
1553,273100.0,206941.17,7928.627
3584,195800.0,162226.81,7932.4116
1869,163500.0,146766.7,7938.115
682,255200.0,225684.78,7945.706
3803,138200.0,147614.84,7957.914
2571,129700.0,116985.1,7961.262
1148,164600.0,200555.28,7962.105
3062,192500.0,203535.47,7963.626
1602,182100.0,180609.1,7966.0205
440,220600.0,178139.4,7967.765
15,93000.0,102592.77,7972.4136
2626,176300.0,191749.22,7973.605
3860,254600.0,215226.05,7974.397
1241,151000.0,225549.0,7982.5283
2962,130600.0,131529.19,7983.7417
37,226700.0,199995.03,7984.962
2105,241700.0,177215.6,7985.568
3601,118800.0,116592.73,7986.1963
2377,107600.0,139092.45,7987.4106
292,188100.0,227094.88,7996.2944
634,175000.0,168195.89,7996.8687
3991,255400.0,242518.62,8005.1235
1371,112500.0,117723.625,8005.8433
2302,259900.0,217790.34,8006.353
857,94600.0,116413.98,8007.622
1780,133100.0,229101.3,8012.422
3135,142600.0,116757.766,8017.1064
952,79700.0,102917.3,8019.971
1282,213200.0,129847.375,8020.4546
3004,171200.0,185006.05,8023.141
1958,277200.0,213302.95,8025.2734
3655,195500.0,228164.34,8026.8447
1518,98100.0,171700.33,8033.005
3069,275000.0,161519.78,8039.4683
2865,162500.0,183593.66,8039.7695
460,257800.0,226875.8,8043.197
159,182500.0,108682.27,8044.6865
2412,105600.0,171665.25,8045.6504
199,200000.0,176597.88,8050.3247
3886,87000.0,119745.92,8051.6875
640,350000.0,271242.3,8052.6167
3033,142500.0,189981.55,8052.9834
3441,150000.0,180974.03,8053.076
2860,161800.0,210345.84,8057.906
3218,121300.0,137101.78,8058.607
75,149900.0,202350.53,8060.2056
475,174900.0,186974.92,8060.4697
3386,235700.0,143500.12,8062.2036
3911,130600.0,161021.84,8062.3755
2021,164300.0,203816.25,8063.263
2924,450000.0,240489.34,8063.5625
2843,127100.0,144412.28,8065.3525
1032,123700.0,169070.47,8067.693
1374,161800.0,192829.75,8069.5483
2221,163000.0,187920.03,8070.3125
2366,245500.0,195084.77,8071.8604
989,200800.0,226024.55,8071.8667
3644,103200.0,175002.48,8073.3286
3097,92900.0,106906.336,8075.5903
702,248900.0,232538.17,8077.401
2853,197700.0,201616.81,8078.04
2425,128600.0,127738.05,8082.44
1990,123600.0,127917.27,8083.0513
515,198100.0,247648.4,8084.8013
2289,304500.0,284203.88,8096.5386
3758,255200.0,237550.45,8097.406
2601,279900.0,220678.16,8097.6084
661,375700.0,322123.6,8100.568
2011,130400.0,140463.34,8100.6226
1769,163300.0,188367.0,8109.047
3696,314700.0,224276.4,8113.058
3381,207100.0,197033.81,8115.664
744,111800.0,138371.64,8118.934
110,113500.0,128361.02,8122.2334
1162,93600.0,121019.734,8129.198
2988,224600.0,210900.1,8129.638
2115,466700.0,206474.53,8131.356
2001,181100.0,270665.44,8131.715
3466,221100.0,157368.25,8132.8945
256,327500.0,304964.03,8134.423
3014,218100.0,210550.0,8137.7227
988,170100.0,169482.78,8141.4487
1581,331200.0,310622.88,8142.6416
1555,138900.0,163196.14,8146.13
3288,172600.0,229767.34,8148.2134
1053,137500.0,121681.6,8148.42
1863,106500.0,105586.67,8153.705
2134,159300.0,163177.38,8155.1963
2432,160900.0,194019.1,8155.3286
3117,127900.0,224889.5,8155.517
3405,176000.0,158394.64,8159.2197
4052,163100.0,181863.56,8163.04
44,169500.0,173228.67,8165.853
3378,149600.0,206867.97,8170.9795
3610,262000.0,193901.97,8171.233
982,208800.0,218853.05,8171.278
392,175000.0,232591.8,8173.0596
3322,365900.0,224018.55,8175.8877
2815,146200.0,157723.67,8179.0845
2891,247000.0,230949.2,8186.6367
275,155000.0,177235.03,8187.1367
259,175000.0,106204.75,8188.4937
1740,273500.0,203668.78,8189.259
1601,220800.0,203686.78,8190.516
3452,144400.0,167973.42,8191.072
3976,117800.0,155760.34,8195.858
2724,118300.0,101098.52,8197.049
1421,185200.0,162428.53,8202.697
950,220900.0,242969.5,8206.038
3492,206300.0,196672.36,8212.433
1289,160400.0,197891.38,8215.519
1204,252000.0,234153.4,8216.121
3543,160600.0,169227.33,8216.91
514,237900.0,259734.84,8217.912
2247,119400.0,191486.92,8222.04
898,213800.0,208005.25,8222.347
3179,293800.0,239609.4,8224.216
1937,187500.0,155253.45,8225.974
2429,106900.0,117169.21,8227.496
3196,271300.0,263767.8,8230.727
843,49500.0,98904.37,8234.459
3233,120200.0,114760.35,8234.744
2769,129500.0,217354.45,8235.511
1775,88900.0,103630.86,8242.51
1944,281700.0,209784.7,8244.774
1591,292500.0,201327.9,8246.066
1367,89400.0,114849.6,8248.902
798,252200.0,226387.0,8250.894
507,65000.0,100222.164,8252.486
3512,128000.0,188708.75,8252.918
2682,350000.0,170250.1,8260.668
2367,154700.0,180442.6,8262.102
4077,141700.0,106493.734,8262.479
3647,83400.0,116741.586,8264.409
1808,69400.0,107489.016,8269.643
1221,127600.0,196768.4,8270.607
3639,176100.0,186117.34,8270.836
4046,140000.0,150437.08,8270.947
2519,178200.0,202708.78,8270.949
656,165000.0,190011.33,8272.007
3772,227700.0,228952.12,8272.61
2022,97000.0,119187.2,8274.094
3899,228000.0,230982.66,8276.704
896,212200.0,207436.34,8278.011
148,244000.0,199300.16,8280.963
2340,115600.0,110117.95,8282.561
707,156900.0,159190.47,8283.151
906,276200.0,236363.88,8285.14
3870,109900.0,127437.48,8287.9
2374,188700.0,216265.05,8290.58
4116,213200.0,198763.88,8291.861
1051,500001.0,306078.2,8294.973
965,172000.0,168632.1,8300.792
488,216600.0,220612.8,8302.063
1023,79000.0,114694.39,8304.064
2279,92600.0,94098.97,8309.922
3629,221500.0,200916.53,8315.4
3964,100000.0,157881.95,8321.781
4002,152800.0,190179.7,8322.148
2290,215700.0,192259.78,8324.989
1056,219600.0,157918.81,8325.863
1706,261800.0,244414.38,8327.47
1703,144600.0,185780.58,8348.985
3036,170400.0,114063.6,8349.85
320,84800.0,106379.125,8352.678
2792,225000.0,194866.78,8353.698
1025,144600.0,155746.05,8359.821
3625,249600.0,189522.73,8364.29
1722,137500.0,128496.914,8366.419
1492,198500.0,236958.66,8366.952
1778,350000.0,134874.02,8369.841
1709,198700.0,174686.11,8373.956
78,259600.0,255887.6,8374.914
3205,275000.0,275077.3,8375.876
3545,234600.0,240001.95,8376.967
4060,247700.0,257089.88,8378.303
3222,190000.0,185382.72,8379.363
1009,172000.0,200883.38,8380.502
1764,181800.0,190516.62,8381.465
1679,109300.0,168217.58,8384.188
1186,125300.0,171705.16,8387.768
3633,191700.0,159204.38,8387.8955
3790,80700.0,115771.02,8389.0
369,264700.0,252259.6,8398.763
3534,219500.0,211870.1,8398.964
1927,137500.0,205343.22,8400.865
3411,171300.0,189697.34,8401.268
3225,292900.0,230680.66,8401.761
638,209200.0,223284.67,8402.937
1932,183100.0,121227.414,8403.222
619,156900.0,164121.28,8403.488
1479,103300.0,182207.8,8410.101
3192,183600.0,184411.75,8414.958
922,92600.0,121224.19,8415.678
1384,259600.0,270503.0,8418.461
949,191600.0,236238.84,8420.28
1412,86800.0,104190.11,8425.724
713,289600.0,232253.25,8429.162
3486,200600.0,246424.97,8431.489
3648,153500.0,204262.9,8432.381
1143,209100.0,229915.34,8432.961
1619,165500.0,185164.97,8434.796
482,170700.0,128082.52,8435.557
281,183000.0,196058.78,8436.571
1432,71300.0,173656.0,8438.117
4106,70800.0,124628.02,8443.805
2921,183500.0,211029.4,8444.701
120,117900.0,156722.39,8448.864
3012,242500.0,207325.9,8449.885
4017,136600.0,206959.34,8452.485
1120,142200.0,155679.97,8455.335
4079,261800.0,220602.3,8457.936
1222,149000.0,151576.12,8457.948
28,101300.0,114205.92,8457.95
1345,135400.0,151904.6,8462.69
1783,81500.0,107403.92,8464.602
3064,134200.0,121886.64,8468.418
3420,289000.0,265893.3,8470.247
701,196000.0,205598.45,8471.141
3930,206300.0,217687.38,8471.309
2336,142900.0,138139.7,8471.435
1919,222700.0,228014.05,8473.187
431,344400.0,187252.36,8478.12
3591,87500.0,189635.97,8485.022
432,97600.0,125209.67,8492.208
462,201500.0,186029.97,8495.982
243,117100.0,160342.34,8500.828
2956,172400.0,212002.9,8503.074
2633,350400.0,294205.56,8506.36
1991,151400.0,150429.62,8510.936
3469,155000.0,200337.33,8514.035
1071,243600.0,234181.8,8514.762
1205,351800.0,293830.94,8518.481
371,289800.0,300342.22,8521.196
2130,182600.0,238722.5,8522.979
3276,65600.0,103291.12,8523.813
1900,176100.0,199408.9,8527.545
2737,388500.0,216697.95,8529.847
824,164400.0,192174.53,8530.05
1537,221300.0,193973.22,8531.478
574,195300.0,194491.39,8532.48
2817,156000.0,218389.03,8534.223
2570,493300.0,304976.06,8537.891
1750,69400.0,115817.75,8540.665
2975,96400.0,126034.234,8541.416
3073,153200.0,114432.7,8542.595
411,228900.0,270774.66,8548.439
646,279900.0,243700.9,8557.947
3751,192800.0,171895.03,8558.499
3464,156500.0,158422.44,8559.257
233,239900.0,273449.56,8559.36
4085,116700.0,115512.164,8560.383
3424,175000.0,163236.03,8560.4795
3849,165800.0,178476.95,8560.707
2605,106400.0,128900.15,8561.084
127,175000.0,155712.05,8562.5205
1375,214600.0,164014.47,8562.894
658,198100.0,145432.77,8566.437
146,244700.0,267899.12,8567.734
1789,102300.0,113135.98,8568.826
1533,131100.0,137138.28,8570.988
1773,67500.0,189534.8,8572.345
3715,81800.0,104589.84,8572.854
3316,87500.0,220179.1,8574.268
2351,145600.0,155574.72,8576.712
1252,115600.0,125918.77,8578.986
3966,89400.0,107812.23,8580.899
1033,79200.0,132531.06,8581.699
2260,231800.0,266023.75,8582.2295
217,158600.0,185048.48,8584.124
1814,117300.0,190745.67,8585.137
2761,235300.0,226014.2,8585.418
2753,123400.0,154758.44,8592.584
2690,273600.0,285577.8,8593.092
299,153400.0,157407.69,8593.951
3412,136800.0,114835.46,8594.78
2045,261100.0,259093.95,8598.427
3454,185300.0,197677.61,8601.984
3770,214700.0,184096.75,8604.402
1864,96700.0,125744.875,8611.693
2780,112500.0,111448.766,8619.418
1085,98400.0,127779.06,8621.211
825,125000.0,163710.77,8625.815
3303,156300.0,247123.9,8625.853
478,135600.0,104553.33,8626.126
1558,276200.0,267545.56,8629.729
3575,163000.0,185705.61,8642.852
3891,336800.0,163903.97,8643.937
3992,136600.0,119092.55,8643.971
38,186600.0,185100.7,8645.339
1298,110200.0,139527.84,8646.329
3372,217100.0,266630.1,8646.502
2406,350000.0,173995.08,8652.362
501,116400.0,168381.28,8657.381
52,405800.0,272276.7,8661.434
23,95800.0,104849.195,8665.372
3384,88200.0,128081.266,8667.695
931,122100.0,102712.6,8674.318
68,269500.0,217585.08,8674.562
1396,150000.0,186416.55,8676.579
493,274100.0,231985.45,8676.692
3745,181300.0,231697.72,8678.553
3544,76600.0,122503.98,8684.017
3693,144100.0,196661.45,8684.3545
3459,174200.0,221713.34,8691.06
446,228400.0,160612.72,8691.74
1488,179300.0,241234.05,8694.162
1956,292400.0,293900.75,8694.468
1510,168800.0,191968.16,8700.412
2991,279600.0,261988.6,8702.193
1405,107600.0,103082.86,8705.212
1627,247200.0,205813.8,8705.746
2767,227100.0,252609.1,8705.806
1334,92700.0,119461.98,8706.738
2053,204000.0,243332.95,8717.582
1746,69500.0,95165.086,8718.749
2353,144900.0,160720.08,8724.841
2560,102600.0,161416.34,8726.826
1705,160400.0,146798.72,8730.399
2225,135000.0,184915.75,8731.843
2609,254400.0,243117.25,8731.995
1046,198200.0,209700.4,8732.051
675,254000.0,264042.06,8738.507
383,187500.0,157224.42,8746.899
3414,160000.0,164423.42,8746.948
3970,245000.0,206833.1,8748.476
2936,98800.0,95224.27,8751.475
2468,185400.0,213142.62,8751.824
610,221800.0,223882.75,8752.39
2096,284900.0,298699.56,8755.777
331,148100.0,210025.05,8756.915
2874,246400.0,287869.9,8757.687
1336,182900.0,212872.25,8762.182
691,94500.0,118703.2,8768.064
201,253900.0,180087.1,8768.199
1671,491200.0,262267.75,8768.387
590,72400.0,93185.695,8772.339
1235,262000.0,312726.12,8773.599
3537,260300.0,236644.5,8774.299
528,162500.0,163565.17,8774.899
335,135300.0,188337.53,8775.197
56,216900.0,161017.53,8775.418
3812,157500.0,189839.34,8775.547
2426,267400.0,298877.94,8776.579
2955,135800.0,176713.47,8776.928
2651,233600.0,240337.34,8777.598
1264,335600.0,313712.34,8777.709
3487,76900.0,93813.36,8777.808
1219,120600.0,183948.72,8778.434
747,93800.0,106035.05,8778.437
5,113200.0,152971.58,8782.814
2663,212200.0,218237.6,8787.34
3937,221600.0,217823.05,8787.534
1017,129200.0,131761.0,8789.171
2643,157100.0,210352.34,8791.66
3981,71300.0,105181.3,8792.25
1723,154100.0,179753.84,8793.405
3912,125000.0,166025.3,8795.183
2565,244400.0,188676.11,8797.111
3197,213900.0,277111.66,8801.767
2864,69100.0,105650.81,8802.89
1310,210700.0,272317.84,8804.027
981,123700.0,161052.38,8811.487
2326,118900.0,103207.3,8812.094
2969,228500.0,266690.16,8819.163
161,157800.0,205025.1,8823.897
251,249400.0,271081.44,8829.237
3680,450000.0,156721.23,8829.744
2116,62000.0,118258.83,8838.053
149,121300.0,154750.84,8840.805
2521,229900.0,259901.9,8841.77
2259,265200.0,209410.88,8841.951
3360,219200.0,275555.03,8842.497
3460,113900.0,163329.3,8842.693
453,106700.0,161432.3,8843.6875
669,287500.0,252055.34,8845.783
391,60000.0,112257.3,8845.973
2348,200000.0,164017.34,8848.475
3203,156700.0,163172.16,8849.752
139,143100.0,211333.45,8851.189
2578,183800.0,196722.94,8851.577
2839,316700.0,182107.66,8852.498
1940,87200.0,108842.92,8854.158
1408,378000.0,242756.45,8856.76
1400,156600.0,209248.72,8861.83
4103,181800.0,201567.97,8863.99
781,186600.0,179016.14,8866.82
3741,167200.0,172674.97,8871.697
3606,174500.0,216361.2,8871.73
2248,188500.0,175233.98,8872.384
2765,152100.0,168634.3,8873.458
2349,151900.0,269529.06,8877.762
1870,118300.0,111479.6,8880.721
1141,86000.0,114612.625,8881.328
1762,97600.0,126427.45,8881.429
2818,210000.0,170057.61,8885.653
643,64800.0,94482.484,8887.655
232,87100.0,120338.77,8891.802
752,92700.0,105245.6,8897.091
808,138400.0,163388.78,8898.428
3520,113600.0,197512.4,8900.02
1884,242900.0,290295.6,8901.999
3583,125000.0,214786.8,8902.493
1852,171600.0,172499.88,8906.716
3020,146800.0,175942.06,8911.191
2984,219000.0,177426.45,8915.497
2292,94300.0,119185.04,8916.36
162,183800.0,246620.6,8921.753
1226,159700.0,181581.12,8921.97
2585,127300.0,133288.39,8924.378
2393,193600.0,217534.0,8924.956
2273,30000.0,115087.21,8925.231
1034,266700.0,306452.06,8928.1
1124,170800.0,188632.58,8929.194
73,91700.0,107869.15,8930.307
1520,90400.0,131106.61,8931.607
2872,109700.0,104016.73,8935.576
421,500001.0,225063.17,8940.948
719,244400.0,251333.6,8942.328
1166,120000.0,123410.6,8942.914
535,95200.0,115858.56,8943.81
3513,157500.0,167920.4,8950.89
1745,38800.0,158247.72,8956.708
2926,105100.0,123016.8,8960.544
659,159300.0,191681.27,8964.167
3887,250000.0,156704.73,8964.753
1262,148100.0,223264.2,8968.808
1541,238600.0,257546.75,8971.964
1984,188600.0,251911.53,8975.449
692,175700.0,228938.55,8976.888
2189,192300.0,207752.95,8986.029
487,114300.0,160009.83,8994.063
364,219000.0,214993.8,8995.431
1890,262500.0,199618.33,8995.484
27,219400.0,227216.7,8996.015
2759,159700.0,157101.22,8997.688
3884,165900.0,169682.28,9001.055
3636,187500.0,176443.27,9004.8955
277,162500.0,201470.67,9009.788
1285,60800.0,93218.55,9009.91
2515,188800.0,216118.88,9010.842
3885,314300.0,188156.06,9020.02
795,135200.0,165627.22,9021.022
2147,316600.0,268245.72,9026.1045
2475,132700.0,143439.1,9029.605
1038,235000.0,235475.2,9032.26
914,181100.0,212373.88,9034.367
3320,62800.0,119597.7,9035.146
14,201100.0,205149.81,9038.721
352,207200.0,241445.16,9039.799
59,166100.0,103125.75,9042.166
2009,156500.0,201262.88,9044.681
3667,212500.0,131883.33,9047.029
417,94500.0,141130.45,9048.685
3017,221200.0,204389.28,9051.895
2356,83500.0,103958.914,9052.221
2410,217300.0,208467.44,9053.31
2938,198700.0,216173.75,9053.707
3284,128800.0,139861.05,9060.295
3525,228100.0,245293.5,9061.783
1309,287500.0,180681.05,9061.803
1047,179200.0,184081.7,9064.598
1323,112500.0,199297.97,9064.778
2579,72500.0,92148.086,9065.301
2941,162500.0,167723.16,9068.166
3576,200000.0,184126.34,9076.043
485,148900.0,182385.67,9077.054
3010,118100.0,170470.42,9079.065
3530,90900.0,139369.34,9081.349
483,272600.0,235421.66,9081.818
1689,272500.0,213764.05,9085.703
3379,105400.0,112987.3,9087.478
444,156000.0,166184.8,9089.863
3617,429200.0,236589.42,9092.804
2145,159400.0,178852.97,9094.178
3879,175300.0,210595.75,9094.951
1320,233000.0,250217.9,9095.497
3910,207100.0,183988.42,9095.545
1342,126600.0,119500.77,9097.487
214,162800.0,197981.12,9097.845
2856,67500.0,115763.04,9098.415
104,101200.0,125874.48,9109.952
885,170000.0,102423.63,9114.9
3957,187700.0,253337.05,9119.106
1433,180000.0,162009.12,9122.294
2166,322200.0,204572.75,9128.684
3963,162500.0,106142.05,9130.824
3623,161200.0,158224.7,9139.016
553,277600.0,292321.8,9141.198
2720,101000.0,117261.016,9151.7295
1330,82700.0,106437.48,9152.362
3690,87500.0,101318.15,9153.929
3241,67000.0,110566.92,9162.184
301,214800.0,191575.22,9165.959
3248,143100.0,106736.56,9166.576
1656,360000.0,189509.84,9171.994
2039,162500.0,114112.266,9172.192
2442,306800.0,296340.62,9172.266
3673,160900.0,102715.64,9173.061
3967,144000.0,177614.6,9175.744
882,96200.0,100410.73,9177.571
3120,236700.0,280087.44,9177.668
3029,193100.0,216638.2,9180.49
1522,70500.0,119588.15,9186.975
2671,208300.0,126814.75,9188.579
509,108300.0,140085.53,9188.7
2971,81300.0,93647.55,9196.363
3483,218800.0,234333.84,9197.331
4014,170800.0,209679.77,9201.78
3291,83300.0,116475.02,9202.115
3067,106300.0,166876.27,9206.102
3181,221600.0,248868.8,9207.815
1388,84700.0,114543.77,9208.357
3194,99500.0,116046.77,9209.924
829,181300.0,241392.55,9211.965
1697,55000.0,122659.15,9212.622
3114,287500.0,256746.0,9214.531
2293,214300.0,188384.36,9216.257
2529,176700.0,151911.88,9217.57
332,247900.0,270339.7,9217.597
350,160100.0,215390.95,9223.794
2208,219400.0,109604.69,9226.715
1000,95500.0,103718.875,9233.066
2788,84600.0,92887.805,9233.607
2478,133500.0,183571.75,9234.645
354,320800.0,239433.38,9235.354
3245,167000.0,203696.53,9236.984
1245,241700.0,215938.97,9240.403
2254,237900.0,222366.84,9240.667
2346,250000.0,201607.0,9240.953
3760,128800.0,192899.2,9241.239
3408,268800.0,111898.42,9248.88
1885,81300.0,103580.07,9250.571
2854,162800.0,149430.55,9254.249
2120,219600.0,274456.06,9258.199
1482,215400.0,272559.94,9258.84
2809,241700.0,205867.95,9260.72
2035,110400.0,190564.2,9261.707
2438,218200.0,243572.42,9262.842
1257,283500.0,209051.62,9263.218
2707,292500.0,246696.28,9264.609
4003,102100.0,136146.25,9267.547
280,89400.0,96224.05,9267.561
427,194800.0,224610.55,9268.634
3542,265700.0,198897.84,9269.13
3402,123900.0,124211.1,9270.365
2170,204500.0,210406.97,9271.047
4110,185100.0,208426.31,9271.201
3351,137500.0,175311.84,9274.785
341,136100.0,182386.31,9275.289
398,153100.0,163407.73,9279.478
2598,160400.0,168192.62,9281.08
1998,96200.0,140867.4,9281.436
17,233300.0,206220.92,9282.964
3209,87800.0,92358.58,9284.842
2309,252500.0,256392.34,9285.024
206,258200.0,274148.8,9296.111
3078,89600.0,92498.65,9299.353
3736,76100.0,114875.336,9299.536
1748,199100.0,161664.78,9299.672
3161,270000.0,202958.03,9304.025
668,157200.0,112061.1,9307.883
788,120800.0,104823.11,9307.952
1514,251300.0,276040.4,9308.199
888,155600.0,182239.34,9308.607
3490,158200.0,229383.84,9310.92
1571,244800.0,262308.8,9311.566
2444,238500.0,235946.45,9312.35
2816,171900.0,243927.45,9314.603
239,217900.0,209928.4,9317.282
1122,278300.0,300998.0,9324.443
1113,262800.0,238493.5,9327.82
715,480800.0,283417.75,9328.994
390,147600.0,175463.33,9333.289
2925,160800.0,180988.4,9334.527
484,242300.0,220789.3,9340.725
1589,167700.0,173494.0,9341.617
4044,75900.0,109474.375,9348.279
3310,170800.0,205712.03,9349.735
2735,227400.0,280994.03,9350.515
2063,62500.0,97543.734,9355.065
262,80200.0,114264.7,9357.7295
1119,82500.0,109215.96,9358.095
1662,90600.0,94943.91,9364.224
88,91300.0,117729.31,9365.764
1698,85000.0,111272.35,9366.114
1615,187200.0,243668.0,9367.347
1070,97200.0,118820.39,9375.848
778,91700.0,113172.25,9378.272
3376,221000.0,237190.0,9379.528
560,149500.0,167786.23,9388.242
1353,257100.0,194025.58,9389.986
3358,244000.0,152039.42,9410.199
2422,116200.0,215549.6,9410.449
3471,190800.0,201490.7,9413.799
2960,144100.0,197974.78,9414.819
426,195500.0,226958.25,9417.476
1137,229100.0,226227.2,9419.925
3296,94400.0,101159.34,9420.34
1402,100000.0,128274.98,9420.672
1794,105400.0,131632.16,9421.204
2241,155300.0,167163.42,9424.199
900,231800.0,264210.7,9424.802
131,149400.0,103364.195,9426.061
537,185200.0,188437.53,9426.412
249,163200.0,163624.84,9428.014
205,195200.0,178734.39,9429.646
613,196000.0,156116.4,9430.061
2896,188500.0,159782.16,9432.158
1164,77500.0,107424.3,9435.306
688,157500.0,171530.86,9436.871
2726,136700.0,102001.086,9439.904
170,192600.0,202613.58,9440.62
347,174000.0,218429.97,9441.547
1128,184900.0,194861.42,9442.802
2902,153100.0,116109.45,9446.705
3106,98000.0,168108.42,9448.805
296,70200.0,94955.24,9451.077
1335,80300.0,101486.98,9451.846
1685,96100.0,114815.58,9453.256
1526,174800.0,212575.88,9454.978
3208,348300.0,267647.16,9456.124
3846,147200.0,203147.33,9456.81
141,137500.0,204489.27,9457.432
2218,123300.0,150365.53,9460.858
1491,116500.0,102782.77,9462.644
957,78700.0,116354.79,9465.313
680,55000.0,116495.02,9466.454
1018,251800.0,247184.3,9467.26
534,247100.0,174244.62,9478.157
3948,106400.0,164832.67,9480.618
2619,257400.0,259395.08,9480.791
1829,224200.0,246963.6,9482.692
2596,157700.0,236051.05,9484.511
2612,233000.0,231153.6,9485.585
218,92400.0,105036.914,9492.133
3495,224700.0,208442.72,9494.721
2490,243700.0,251304.83,9495.03
2127,264100.0,290221.75,9498.528
973,226800.0,239029.95,9505.847
4081,286900.0,256085.12,9511.64
991,114200.0,125508.0,9511.709
2526,67600.0,113869.04,9513.914
2838,134800.0,192002.47,9518.422
834,129300.0,177270.47,9518.581
1802,306700.0,188825.97,9520.414
3406,233500.0,213121.5,9525.894
1804,174400.0,224777.3,9527.115
2898,108200.0,131268.33,9527.919
2910,181900.0,149440.34,9528.603
625,178100.0,278877.0,9532.61
3354,262700.0,273637.28,9536.8125
1840,283200.0,242022.84,9537.293
165,166700.0,122221.31,9538.891
1007,327300.0,274781.97,9540.878
729,110700.0,124881.125,9548.138
2431,271200.0,228101.33,9552.876
2114,121200.0,178570.67,9554.532
3145,131300.0,147166.7,9555.48
1446,65900.0,102315.05,9555.997
1623,156800.0,102263.8,9561.5
2180,175000.0,186338.47,9563.014
1637,285800.0,226970.6,9563.299
43,43500.0,99719.58,9565.659
4043,98200.0,116676.79,9568.527
1121,239900.0,235027.84,9570.944
925,225000.0,166377.55,9572.827
1854,153700.0,215385.7,9579.026
3871,212800.0,144984.72,9581.384
2493,154700.0,155072.84,9584.061
3342,126400.0,181630.53,9587.376
3596,138800.0,164854.5,9592.737
3773,166100.0,101178.8,9597.997
2946,160200.0,228012.72,9598.726
4093,296600.0,326480.38,9599.421
454,130200.0,224434.16,9600.494
2141,162500.0,214859.7,9605.745
2018,123200.0,157876.72,9608.31
1672,58800.0,101234.67,9608.991
971,73600.0,113274.8,9609.82
754,125000.0,115351.42,9618.106
811,243500.0,231772.72,9620.345
40,358800.0,297911.88,9620.807
237,91000.0,167842.25,9623.916
1256,111600.0,124994.7,9632.546
3319,150600.0,182581.58,9636.695
1460,225800.0,270292.1,9637.19
1293,176600.0,232832.5,9637.406
1567,168700.0,169825.66,9645.593
818,65500.0,97329.875,9646.835
441,66900.0,114197.11,9648.777
3569,126400.0,118243.4,9649.573
87,315400.0,226797.03,9650.223
3877,97300.0,93647.36,9650.619
3829,206300.0,161132.64,9653.333
3168,276000.0,220721.1,9654.837
3089,276100.0,292836.6,9659.029
2469,177600.0,234480.2,9663.927
2762,113300.0,158038.1,9664.272
2133,129200.0,187186.9,9666.042
1819,144800.0,175858.58,9667.149
709,92000.0,115012.42,9668.022
3107,240000.0,267559.3,9669.659
3883,197600.0,176319.77,9669.692
2416,90600.0,149427.03,9674.001
1784,143800.0,241033.34,9674.42
34,147500.0,161541.88,9681.111
1366,176100.0,232879.75,9682.899
1543,261100.0,261755.9,9688.174
2653,237500.0,152749.86,9688.183
3429,191700.0,216413.34,9689.837
3581,156900.0,169050.72,9695.989
1200,72100.0,135552.75,9697.555
3472,77100.0,93184.734,9699.663
3082,221000.0,229383.84,9702.228
2595,145800.0,151766.2,9707.439
3494,94300.0,101732.125,9708.059
2543,109000.0,129305.02,9708.811
4069,130200.0,102255.016,9717.507
31,176700.0,126009.46,9720.453
2733,231300.0,198118.9,9724.454
3126,191500.0,217506.08,9725.362
4016,109300.0,135311.22,9728.84
3370,60900.0,110330.55,9729.677
2086,224500.0,149475.16,9731.777
2474,185700.0,213735.95,9732.364
2463,189300.0,162941.28,9736.027
1349,161200.0,213856.16,9736.333
2325,92600.0,90922.945,9738.396
3300,88900.0,124110.15,9738.417
1516,198200.0,248593.8,9740.066
3121,94700.0,106775.52,9743.798
1294,332600.0,230941.12,9750.472
2610,66400.0,99124.34,9754.26
532,166100.0,171453.47,9754.309
3612,150000.0,149184.88,9757.61
2531,171000.0,243851.3,9766.4
4001,87700.0,116134.0,9773.164
2648,118600.0,118398.984,9775.753
1620,168800.0,162187.72,9777.572
2935,247800.0,230933.55,9779.83
2597,301600.0,272790.56,9783.092
1532,122400.0,161349.95,9790.121
2592,44600.0,92156.24,9791.227
2900,179100.0,215490.16,9792.342
1811,258900.0,222605.7,9792.868
3527,180200.0,160081.98,9792.984
649,133000.0,145869.92,9795.777
2339,283900.0,280541.3,9796.227
1747,260700.0,276515.94,9797.161
1359,165500.0,185521.39,9797.881
3371,189100.0,234544.78,9802.444
755,81300.0,99481.76,9802.587
2052,161200.0,157931.5,9802.751
977,150500.0,166643.0,9807.072
3275,71300.0,106205.95,9808.938
185,154200.0,180271.6,9809.54
1308,175700.0,247538.45,9812.724
2350,170700.0,188140.55,9813.231
223,73700.0,102157.1,9815.931
1962,175000.0,185707.78,9816.262
6,137500.0,165338.31,9822.27
964,59600.0,94428.13,9827.024
672,283600.0,240406.33,9827.814
1994,125600.0,129214.04,9828.561
479,196600.0,209707.34,9837.197
2263,286300.0,279823.75,9840.81
4051,282400.0,288242.6,9841.422
3994,116300.0,93762.89,9841.532
660,155700.0,100964.086,9842.846
4066,85400.0,104134.08,9843.726
1647,150000.0,141396.72,9844.26
866,134800.0,168841.9,9844.819
564,75000.0,104177.67,9845.371
1909,81800.0,106914.914,9850.854
3057,96100.0,180528.34,9853.907
106,148800.0,179484.34,9855.109
77,131300.0,202475.34,9858.225
2793,47900.0,93345.98,9858.239
2631,102500.0,143629.81,9872.928
3940,79500.0,100930.19,9873.073
2423,261500.0,208163.7,9881.116
2337,215000.0,235167.6,9889.003
842,272600.0,243095.58,9890.716
4070,71300.0,103677.35,9894.457
1346,213200.0,225056.42,9897.035
655,109800.0,101308.41,9900.223
1206,240000.0,248834.72,9906.658
2357,268300.0,300405.2,9909.484
559,42500.0,157897.56,9914.342
107,132200.0,187762.98,9919.503
522,158600.0,217813.3,9932.717
3554,138800.0,153622.62,9934.727
1565,223700.0,226660.1,9935.915
2436,71800.0,114805.77,9937.438
2662,136200.0,141503.73,9938.02
3622,232700.0,242806.22,9940.129
1771,146000.0,129258.48,9941.477
1123,61800.0,91361.2,9941.864
2094,325000.0,133448.27,9942.595
2974,136500.0,102621.984,9945.372
3960,76100.0,97481.43,9945.65
693,217100.0,215409.67,9947.993
2050,206300.0,157585.97,9948.604
481,144100.0,160903.84,9950.963
3788,125600.0,130386.25,9957.5205
2676,108700.0,123263.55,9957.843
4039,81300.0,102894.51,9960.549
3047,165000.0,226462.47,9961.901
3801,185400.0,225666.08,9962.634
573,275900.0,199909.27,9962.688
2649,132000.0,104509.375,9962.699
266,126000.0,160060.19,9965.019
2217,225000.0,173632.55,9966.008
3507,165100.0,180362.33,9967.602
884,273000.0,206388.25,9970.665
2686,265100.0,265286.22,9971.191
1575,258300.0,212319.2,9971.804
2210,100000.0,96653.92,9976.543
261,112100.0,163883.9,9976.619
2286,156900.0,101706.71,9977.146
344,100000.0,122311.586,9980.105
1213,107800.0,101630.29,9982.682
2212,137500.0,106474.42,9989.545
2317,166800.0,178724.78,9991.931
2243,106300.0,90232.74,9995.31
3823,122700.0,128015.89,9996.685
3353,102800.0,103009.45,9997.173
831,73500.0,100124.64,9998.843
1708,70100.0,97781.39,10001.805
1931,122600.0,120824.914,10001.84
2778,100000.0,130025.0,10005.318
2140,195800.0,238341.3,10010.459
1466,344700.0,230778.12,10010.898
3449,296600.0,264910.4,10014.25
3654,115600.0,113332.92,10016.282
2551,90000.0,103081.77,10016.295
4,265600.0,257612.95,10016.541
359,95800.0,111642.414,10020.605
1368,158500.0,153865.33,10024.311
2488,125000.0,99428.9,10032.228
3295,266000.0,211594.1,10033.701
2750,205000.0,194911.92,10037.609
3634,63700.0,96131.3,10038.929
1701,185000.0,232194.45,10041.345
2607,312600.0,298995.7,10045.912
714,118200.0,145002.0,10048.561
189,189600.0,217744.8,10051.623
158,185300.0,231373.8,10053.002
1049,85400.0,115742.05,10053.276
3678,225000.0,240591.97,10054.55
706,98500.0,161867.78,10058.769
687,86900.0,118200.64,10060.926
750,110000.0,149399.1,10063.763
1147,168900.0,176891.73,10064.583
3388,308100.0,294025.16,10069.752
1302,160800.0,204423.58,10072.8125
510,69100.0,93148.45,10075.415
2342,143300.0,88412.86,10075.484
3032,143200.0,217937.9,10077.885
3662,70500.0,113391.05,10080.008
97,244800.0,249841.7,10084.253
1530,104900.0,160204.47,10087.564
2575,310000.0,281922.25,10087.564
2380,162800.0,173359.92,10088.627
2379,225000.0,224217.05,10089.917
2173,130100.0,179523.78,10090.227
3977,258000.0,238183.16,10090.476
3202,245800.0,243882.5,10095.688
2513,170900.0,170504.53,10098.1875
3399,265100.0,306672.22,10102.11
830,209100.0,231928.53,10102.664
2179,62000.0,100474.56,10105.827
2137,206000.0,174876.97,10114.06
736,155400.0,160212.42,10115.451
853,142500.0,132226.97,10123.142
1917,89300.0,150927.89,10125.512
490,220000.0,232199.05,10128.928
3726,176500.0,224848.16,10129.11
761,163900.0,184087.78,10134.048
3447,108300.0,166042.53,10137.279
3627,154700.0,154863.66,10138.116
378,269400.0,257785.66,10145.2295
3509,141700.0,186917.86,10145.923
1055,229300.0,201434.38,10149.166
970,85800.0,93060.11,10162.37
4041,87500.0,148842.34,10165.096
1269,75000.0,89690.04,10168.852
3139,103300.0,101178.35,10170.662
3762,137500.0,142123.47,10173.369
1714,166700.0,164051.6,10176.866
2536,165000.0,166373.28,10177.461
1020,82500.0,113152.46,10179.908
2700,67500.0,92895.7,10182.028
1992,65700.0,99881.664,10184.927
3266,123400.0,165925.58,10185.493
3909,162500.0,104222.52,10187.108
2268,186900.0,279356.97,10195.051
2576,172200.0,179124.1,10195.814
839,72000.0,142912.89,10197.712
3183,60700.0,90224.11,10205.251
274,111400.0,145488.7,10207.604
800,179200.0,180169.12,10213.6
2603,170000.0,226946.66,10213.669
145,279300.0,288865.4,10215.606
3191,121800.0,96066.2,10218.119
639,89500.0,153063.34,10218.93
3278,445000.0,212951.97,10221.521
1886,73800.0,97444.99,10225.443
1718,229300.0,298251.75,10225.503
847,109100.0,113463.17,10226.304
2175,425000.0,233985.0,10227.451
3850,162400.0,187030.1,10231.783
3108,243300.0,246628.6,10232.37
3685,186800.0,245031.38,10232.679
2036,97700.0,136389.3,10233.762
353,118800.0,157374.64,10235.102
2909,279200.0,264253.8,10241.678
2256,276900.0,232990.75,10242.894
1646,224800.0,305149.72,10245.226
2548,194600.0,183584.27,10247.604
1936,184800.0,211154.9,10249.52
2677,221100.0,248721.4,10250.692
4005,85800.0,99712.266,10255.439
2824,125900.0,139649.6,10256.449
1963,90000.0,99946.75,10258.281
1168,151500.0,171007.4,10260.826
1249,131100.0,149561.33,10262.741
1096,93600.0,151472.38,10263.78
492,134200.0,148844.95,10266.648
886,146000.0,177897.66,10269.823
384,251300.0,233681.45,10271.024
2331,277000.0,294941.44,10271.281
152,228200.0,213531.16,10276.327
3294,66800.0,99925.64,10278.136
3707,126400.0,111259.58,10278.649
667,207800.0,254049.34,10282.441
979,161700.0,253086.66,10283.67
1097,165400.0,208842.88,10284.14
1307,171800.0,189836.97,10286.728
1360,92600.0,131641.83,10290.668
200,112500.0,98672.33,10291.853
1860,200000.0,204338.52,10305.547
1234,367400.0,257906.45,10312.251
3048,71000.0,91663.46,10312.515
2728,191100.0,153879.5,10313.893
2459,212000.0,235924.6,10321.055
1613,252600.0,232424.75,10323.117
2939,133900.0,161267.47,10329.17
1315,106000.0,122975.0,10329.59
3457,109800.0,120738.96,10333.482
254,91900.0,123176.3,10336.473
3962,216700.0,201408.5,10343.902
1868,81300.0,120279.5,10345.575
2794,162500.0,190833.64,10349.411
3373,270500.0,242114.55,10358.25
457,193800.0,212919.8,10362.203
3287,294700.0,243338.75,10362.564
2687,69000.0,100349.64,10365.462
367,137500.0,221631.67,10367.9375
3701,219100.0,219086.55,10368.683
2030,347600.0,307520.78,10368.77
1258,69400.0,101740.58,10369.687
1072,212500.0,255102.75,10372.838
2873,98700.0,104153.6,10374.8
18,122500.0,142292.73,10376.229
2713,157300.0,153064.61,10376.861
2586,113200.0,114858.7,10377.748
7,65000.0,131945.31,10379.75
926,156400.0,242208.22,10385.382
538,94200.0,151210.22,10386.935
2029,61300.0,108092.625,10389.707
2614,103000.0,152982.73,10390.331
3880,394000.0,235021.2,10391.302
1188,162500.0,124820.05,10391.964
3961,136700.0,193798.2,10393.247
2569,279300.0,273219.75,10394.587
1535,159900.0,226945.66,10396.315
2783,183500.0,212072.9,10397.643
786,163200.0,198456.2,10408.117
2714,175000.0,210962.78,10418.35
2264,347300.0,375956.94,10422.023
311,144300.0,180252.89,10424.431
3732,250300.0,277709.8,10434.902
1736,211600.0,195235.16,10435.494
3729,168100.0,239533.38,10435.985
3100,271500.0,299975.6,10437.253
1026,89900.0,112430.71,10439.949
3927,107900.0,136525.89,10441.279
3195,179500.0,207791.45,10442.268
987,159100.0,237996.08,10454.394
3297,111700.0,153731.25,10455.051
4102,101700.0,133012.67,10455.784
153,162000.0,225279.38,10462.31
4112,99800.0,137449.64,10464.978
1236,270700.0,220521.53,10472.401
2266,269800.0,277845.9,10489.815
3719,493200.0,262731.62,10490.086
2334,349900.0,278546.9,10492.065
2749,86500.0,99865.055,10492.421
340,194100.0,197002.98,10493.586
2665,114200.0,101898.164,10495.667
4056,162500.0,231251.16,10504.97
3817,110500.0,128420.92,10505.851
911,368700.0,357684.0,10516.107
912,225000.0,193522.53,10524.02
1502,182100.0,233264.1,10528.074
3446,108300.0,146469.52,10529.446
2949,138200.0,180458.16,10533.577
2791,73600.0,114279.23,10535.509
4108,72400.0,110709.14,10536.25
2265,129100.0,151552.97,10537.085
2535,250000.0,362394.8,10539.763
1805,232600.0,206300.44,10545.531
4090,229200.0,215183.08,10549.978
597,193800.0,189108.28,10552.826
2647,62300.0,88735.1,10555.657
3277,72800.0,89562.45,10556.267
603,204100.0,279937.66,10559.481
418,72300.0,98583.39,10576.718
3787,188500.0,157164.66,10578.605
124,280800.0,285701.06,10579.572
3148,132200.0,175065.45,10584.064
2861,150000.0,160003.42,10587.515
289,78600.0,92287.3,10589.837
3144,189000.0,203634.27,10592.376
3528,87500.0,90099.33,10595.59
2572,416100.0,277855.28,10597.3
984,252800.0,290984.5,10597.896
1469,146700.0,169258.19,10604.408
3567,108900.0,133918.02,10610.309
3805,40000.0,98792.08,10612.59
2203,110400.0,111544.4,10615.977
2240,144700.0,169532.61,10616.126
3040,141300.0,187442.03,10616.424
4083,177200.0,263928.7,10619.079
339,87500.0,109087.21,10620.661
3607,169300.0,181313.3,10620.883
689,92300.0,89825.47,10621.378
1506,70200.0,115718.734,10625.628
1680,130600.0,192190.8,10625.933
385,278100.0,255542.28,10625.951
2602,116100.0,144530.06,10628.469
333,114800.0,123797.9,10634.273
306,83400.0,173855.83,10634.867
3438,88100.0,104875.77,10642.161
4047,178600.0,154914.97,10643.319
1659,236600.0,245134.0,10645.226
1889,267600.0,242077.8,10647.788
1721,226000.0,246590.1,10651.701
298,132700.0,155222.3,10658.526
1925,107400.0,101402.016,10659.793
3577,116200.0,117927.914,10666.202
4071,418800.0,199585.69,10668.153
1759,121300.0,149023.38,10668.3125
101,141100.0,154587.33,10670.418
2041,164000.0,220946.38,10671.787
325,146900.0,130730.73,10672.233
3602,109200.0,120306.54,10676.477
2787,345700.0,280083.2,10677.929
2636,157300.0,132552.0,10678.405
2859,64900.0,99384.98,10679.406
2465,282100.0,241961.0,10681.516
3174,50000.0,98896.21,10684.324
267,232300.0,232677.72,10688.024
3832,190600.0,182262.64,10698.165
1447,96900.0,118961.05,10711.955
2151,209800.0,216847.34,10712.455
3906,67000.0,99127.32,10717.291
1760,100000.0,156986.11,10718.816
525,500001.0,255801.25,10721.8125
1231,138200.0,158661.06,10723.851
2482,300000.0,232325.05,10726.891
2954,154400.0,204359.73,10726.961
980,89100.0,169837.45,10729.334
498,58000.0,90235.85,10732.116
428,199600.0,239388.95,10733.13
2111,72200.0,98349.12,10737.56
2823,250000.0,187836.56,10738.597
58,74200.0,87126.59,10742.917
4024,73500.0,89901.2,10746.166
2528,165200.0,175950.28,10747.804
1640,254400.0,269518.3,10748.241
1167,279900.0,234265.5,10754.622
3858,83300.0,87506.305,10759.294
698,154200.0,195511.7,10761.4
3076,174200.0,303212.6,10762.246
1557,53000.0,91662.6,10763.575
3609,266700.0,216444.05,10767.263
143,273600.0,283986.44,10770.579
741,131300.0,143339.33,10772.196
1448,77900.0,98158.484,10774.44
4084,227800.0,232037.1,10778.725
3876,203400.0,229093.95,10780.542
704,127400.0,177316.06,10781.585
2430,223500.0,285920.1,10782.113
1650,95300.0,87040.516,10783.75
1398,127200.0,205909.53,10786.09
2916,150000.0,186820.08,10786.636
248,275900.0,234595.66,10788.489
2915,138800.0,143352.1,10803.118
990,132500.0,159895.84,10805.631
1996,165300.0,204737.7,10807.096
1022,318000.0,235332.97,10809.066
2756,92700.0,98631.93,10810.709
2685,158900.0,160442.39,10811.257
1354,275000.0,244526.66,10815.994
3375,378300.0,373553.66,10819.178
3206,307600.0,205217.38,10823.306
2237,264700.0,304766.16,10835.723
2025,93800.0,100538.336,10843.879
2457,55000.0,97297.96,10846.596
2532,158300.0,178633.42,10848.847
3356,61500.0,99083.54,10849.066
3676,157500.0,167400.4,10850.291
1093,207800.0,247132.34,10860.243
3932,154600.0,183205.3,10860.366
1364,335000.0,255784.66,10862.596
1407,69800.0,125157.02,10862.807
208,333600.0,357906.84,10863.445
1403,121400.0,165341.83,10865.715
3226,145800.0,127960.19,10866.278
3769,290900.0,198944.34,10868.499
4009,118800.0,177883.52,10869.2
2246,402500.0,313684.97,10875.69
3467,83000.0,128284.3,10878.963
3285,75000.0,91241.29,10882.685
3888,84400.0,99723.48,10887.814
3282,244200.0,254562.75,10892.09
2044,225600.0,235485.45,10895.524
877,111200.0,95340.04,10896.006
1661,344000.0,341379.56,10897.964
4018,131300.0,196351.48,10902.042
69,182400.0,284148.34,10902.521
845,287800.0,305831.84,10913.737
2226,226800.0,236188.05,10913.891
2920,69700.0,98257.695,10917.428
1215,335300.0,294149.5,10919.26
711,225000.0,108687.11,10920.436
3984,181300.0,168212.58,10925.421
3988,139600.0,148139.97,10928.207
3103,141300.0,157544.33,10928.568
779,58200.0,93253.39,10929.292
3969,72400.0,100270.12,10929.456
2697,227300.0,260598.3,10929.456
2389,97800.0,117741.75,10933.848
1696,318600.0,238818.55,10942.082
2223,187200.0,200185.16,10945.8
1513,223900.0,224596.84,10947.1
4063,142900.0,184593.86,10950.889
357,218200.0,211070.5,10951.983
108,268800.0,196737.47,10963.847
279,172800.0,171756.88,10964.093
1882,111700.0,138709.84,10970.021
3377,229200.0,323315.44,10973.072
3702,137500.0,233711.6,10981.108
819,76600.0,89200.6,10981.91
1945,58000.0,89793.92,10985.787
3928,483300.0,416647.25,10988.84
3131,250400.0,235270.55,10989.1455
686,51900.0,88586.15,10989.35
2611,110000.0,173968.17,10989.41
2368,258000.0,277801.2,10992.002
1099,313800.0,286184.2,10993.757
1430,337300.0,266443.72,10994.526
4117,360000.0,210676.67,10998.8125
622,91200.0,113481.375,11001.153
2199,278100.0,335742.16,11005.455
3028,67500.0,143201.47,11008.284
449,258100.0,271578.3,11011.748
1019,103900.0,105593.55,11012.694
3695,72800.0,104793.5,11018.121
3350,82300.0,89491.45,11022.549
2613,315200.0,347314.4,11026.636
3219,236200.0,296392.56,11026.763
1892,118800.0,147673.84,11028.657
828,139900.0,165610.34,11029.099
1202,215300.0,179635.9,11031.584
770,89200.0,109787.55,11033.306
2361,75000.0,207538.72,11034.31
647,302200.0,253265.75,11037.188
2876,286500.0,286333.4,11040.135
1727,195800.0,98601.11,11040.916
875,215900.0,291070.06,11041.874
3851,75000.0,101818.766,11045.378
1807,271500.0,248592.8,11045.951
1238,71300.0,172747.03,11049.799
1899,65200.0,88321.7,11052.461
2731,63300.0,88997.2,11053.3
410,47500.0,92029.74,11056.524
2132,114300.0,149179.47,11061.206
176,249400.0,289664.56,11076.492
568,98200.0,165721.16,11082.4
3497,134100.0,167167.44,11085.22
3840,145600.0,198923.4,11088.554
2944,162500.0,164042.83,11091.677
2195,85800.0,91184.11,11095.072
584,92400.0,115060.8,11098.139
3428,67500.0,88322.02,11101.215
2813,164700.0,198492.6,11102.009
319,361400.0,302796.3,11108.16
1196,120100.0,88959.97,11109.477
1216,124700.0,170710.78,11110.617
1841,210000.0,196454.52,11115.816
589,75900.0,98550.266,11118.243
3063,218100.0,199503.1,11123.886
1050,218800.0,211152.45,11130.896
3768,152900.0,121572.336,11132.905
2942,298900.0,262471.84,11140.393
413,65300.0,88185.125,11150.486
976,129200.0,94225.78,11157.113
2967,178100.0,178703.17,11157.156
1765,142300.0,159184.5,11165.385
1142,83500.0,170229.98,11165.617
1711,230200.0,276719.4,11166.403
3055,288500.0,300164.66,11169.237
666,153800.0,179309.88,11175.856
3252,95000.0,109670.02,11178.466
3231,282600.0,231691.08,11190.104
1425,81100.0,93236.15,11191.54
2555,350500.0,369278.2,11192.971
2403,162500.0,176985.28,11194.519
3485,140000.0,159032.22,11201.653
3189,73700.0,96508.97,11201.819
294,241000.0,277544.06,11212.213
1726,164300.0,124233.17,11219.184
1372,171300.0,146641.22,11220.609
3052,250000.0,209962.6,11220.839
467,260900.0,306303.2,11220.85
869,46300.0,101067.88,11224.498
2851,287100.0,234594.0,11225.15
3026,126700.0,178953.77,11232.063
64,49500.0,94177.95,11233.102
3118,87500.0,182321.95,11233.534
2347,167800.0,172409.62,11234.231
1848,88900.0,124029.875,11239.388
3547,239600.0,259603.5,11240.654
2770,174200.0,156103.5,11246.233
1914,330000.0,331918.22,11250.587
2037,147700.0,140167.6,11251.637
2637,251400.0,234221.84,11253.956
1795,92900.0,126741.27,11254.172
1459,269700.0,246513.3,11254.546
102,95300.0,100554.484,11258.201
1797,160600.0,259884.16,11259.926
12,247200.0,292650.12,11260.232
3054,313800.0,264179.1,11262.486
4054,278500.0,237068.28,11264.012
3515,86600.0,88164.45,11267.754
3463,106800.0,161855.95,11273.905
1274,173700.0,202475.22,11280.408
3865,45100.0,89975.875,11280.68
1887,52500.0,88307.64,11280.706
2150,77100.0,86669.54,11284.832
2629,311500.0,295609.7,11287.434
2307,306800.0,288118.16,11287.527
1243,239000.0,236036.8,11290.144
3764,94600.0,175623.78,11291.691
121,81100.0,102302.82,11296.803
3742,58300.0,93993.85,11299.627
1060,500001.0,200214.33,11302.078
3645,47500.0,89307.37,11306.055
1983,128900.0,100680.016,11306.636
477,245000.0,283039.4,11312.374
2088,155300.0,209840.45,11319.55
1002,290400.0,306617.06,11321.542
1545,222100.0,212335.47,11336.122
290,92800.0,111836.95,11341.774
2160,297100.0,166584.7,11342.747
1031,278900.0,223491.17,11346.312
3480,268800.0,230318.7,11351.001
1248,194000.0,274539.56,11352.374
2373,194400.0,267418.03,11353.754
2027,340100.0,268071.06,11360.56
3763,166700.0,135308.4,11364.215
1329,93100.0,150841.12,11371.324
3873,413700.0,412689.47,11373.386
2995,123200.0,141022.39,11377.852
1306,163400.0,176273.25,11378.891
3299,109400.0,164453.42,11380.595
132,47500.0,88535.48,11380.946
1893,240700.0,390644.53,11384.1875
3661,219400.0,210360.17,11390.754
3255,100800.0,104905.27,11390.959
1332,92300.0,116071.44,11393.257
2589,162900.0,159152.98,11394.048
2502,114200.0,98273.17,11394.383
3804,108000.0,128491.58,11395.432
1607,142500.0,147150.0,11395.838
358,292000.0,325160.25,11398.003
618,214100.0,233757.16,11398.174
556,109800.0,140807.62,11402.722
1905,416700.0,121388.2,11409.696
2318,122900.0,154796.78,11410.683
2249,266100.0,234495.1,11411.2705
2885,345500.0,210073.4,11412.593
3403,98900.0,146970.66,11417.604
2703,177400.0,172400.05,11420.383
3171,73200.0,107166.36,11421.996
1324,81300.0,185779.17,11424.615
3427,55000.0,100237.68,11427.552
1878,62900.0,100743.94,11428.576
1950,125500.0,152868.27,11431.414
3271,156700.0,206342.84,11431.616
1297,350000.0,298959.8,11431.98
3852,138100.0,96521.055,11433.796
3258,310100.0,235850.45,11435.356
1678,244500.0,246010.34,11438.734
2947,187200.0,241088.1,11439.7295
1875,278400.0,268653.44,11441.603
491,72300.0,98642.79,11443.229
3308,311500.0,321325.2,11443.595
2390,254000.0,249082.53,11445.556
4078,105100.0,146784.61,11447.834
3234,256300.0,242381.75,11450.622
3357,195000.0,154695.72,11451.912
3616,154700.0,205576.98,11454.564
3746,164700.0,241820.97,11458.06
1014,335000.0,285087.2,11458.543
3336,78700.0,88014.9,11467.951
3735,284200.0,305499.4,11469.691
2276,73500.0,98050.94,11470.739
1281,71200.0,113167.42,11474.115
326,156700.0,129311.92,11477.209
2994,177300.0,168753.14,11478.693
3952,66000.0,100360.17,11490.37
3362,63300.0,88385.195,11492.287
2867,156800.0,166921.83,11493.646
1218,500001.0,418921.5,11494.537
1739,101600.0,165985.73,11495.625
2441,166400.0,198027.7,11496.586
2363,270300.0,250264.83,11500.977
1392,292900.0,232379.16,11505.703
2397,75600.0,101286.05,11506.582
1327,90600.0,100154.14,11511.234
2723,128300.0,158087.03,11511.667
2083,206500.0,228492.95,11513.094
3566,262100.0,274993.7,11515.162
1174,221300.0,246668.42,11515.679
2587,54200.0,86478.2,11517.564
1793,112500.0,88366.21,11520.657
1229,107200.0,111760.4,11521.149
2043,214800.0,254715.6,11521.352
1108,120400.0,169496.72,11525.177
3018,187500.0,112063.27,11532.1875
33,103600.0,115126.984,11533.564
3777,147500.0,157630.42,11538.039
1549,90300.0,177905.8,11543.528
3679,86300.0,155540.0,11545.101
2455,162500.0,160658.95,11548.062
1791,95200.0,157309.4,11550.011
1691,228800.0,209423.1,11561.455
3563,91400.0,146434.9,11562.581
190,93800.0,110227.52,11568.478
1059,76200.0,109049.516,11573.039
730,89100.0,162308.08,11574.788
1642,158200.0,218520.3,11575.473
1548,95900.0,153164.42,11582.639
1856,60000.0,88693.42,11585.528
1979,78800.0,96501.17,11592.206
1629,97900.0,97062.09,11593.791
288,210100.0,154630.08,11596.462
3669,246000.0,273538.94,11601.425
3071,300000.0,211362.25,11601.769
1657,113400.0,86594.17,11605.556
1507,114400.0,140138.16,11606.742
2074,342900.0,339844.94,11610.833
1504,89000.0,96667.97,11613.907
3643,54200.0,88341.36,11620.835
2736,138800.0,159956.94,11621.372
4061,256000.0,218722.12,11624.034
2492,143300.0,183146.28,11628.387
565,150000.0,124965.83,11634.6045
2848,270800.0,156853.78,11636.732
2440,151800.0,150885.47,11638.773
396,265400.0,300729.84,11645.286
1987,64400.0,97353.61,11646.138
3579,134700.0,185360.45,11652.35
766,128100.0,158033.9,11658.315
2330,63100.0,87214.96,11668.576
2968,66100.0,96496.61,11669.0
833,139300.0,127874.73,11670.196
1901,125000.0,160212.16,11671.176
511,145500.0,126354.08,11676.823
635,84500.0,88287.6,11677.396
1170,148700.0,122535.48,11688.543
670,71600.0,96347.53,11688.576
3349,127900.0,157773.6,11693.68
1894,127400.0,174462.61,11699.049
2893,229400.0,218290.25,11699.837
1777,240200.0,262056.42,11707.419
2060,136700.0,146556.58,11708.925
717,147500.0,149561.34,11715.026
1683,90400.0,146635.02,11718.905
1908,246400.0,236311.34,11719.909
2483,111500.0,149166.9,11728.046
654,123200.0,153724.97,11732.99
2462,145500.0,179602.44,11738.346
1686,177800.0,254722.5,11739.318
3665,101600.0,107702.9,11741.244
2222,84800.0,97329.35,11743.059
225,111000.0,152551.9,11750.079
1942,96800.0,146240.62,11754.468
2252,291000.0,297544.56,11755.142
116,393000.0,365962.7,11761.046
1572,90000.0,100591.86,11764.1875
3755,57500.0,97355.64,11765.362
1584,147900.0,157310.5,11766.258
3102,129300.0,172092.64,11766.3
1394,262500.0,289034.78,11770.067
3087,172600.0,292148.6,11773.395
388,54300.0,96263.266,11778.232
1135,247100.0,299333.28,11778.503
3182,165000.0,139524.75,11780.17
1888,181300.0,205814.36,11781.404
3674,103300.0,157467.27,11781.908
381,133700.0,186349.84,11783.184
2895,113600.0,147048.8,11783.314
539,178100.0,134198.48,11784.179
133,108600.0,96744.78,11793.001
2398,216700.0,204135.89,11794.36
2059,160200.0,154177.83,11811.277
1255,63900.0,100898.87,11816.765
3410,125500.0,169490.03,11821.938
1155,86200.0,146541.03,11822.338
1891,107000.0,145682.16,11823.034
2049,123400.0,166768.05,11824.415
3522,163200.0,160779.77,11825.695
3000,327700.0,240740.33,11827.23
2239,69600.0,96649.46,11827.348
1317,168800.0,292933.4,11827.3545
1278,238000.0,209145.84,11836.089
3518,220200.0,228415.6,11840.282
4042,273400.0,304863.8,11842.606
2547,255100.0,244640.75,11847.089
1232,301000.0,259375.1,11849.93
1957,137500.0,145771.36,11851.895
822,302100.0,261716.92,11855.877
3257,142500.0,207245.05,11858.389
3366,175000.0,173597.8,11859.836
3892,155700.0,216091.8,11864.867
631,78800.0,92128.766,11865.602
422,156300.0,150427.45,11866.383
883,286500.0,218942.66,11867.838
2673,162500.0,138042.2,11872.462
1139,262000.0,244745.2,11874.487
3965,141100.0,162674.55,11877.97
1318,148900.0,167863.53,11881.474
2472,149000.0,136617.66,11882.878
47,181600.0,229038.47,11882.932
1048,52300.0,85017.875,11884.285
321,268400.0,250851.2,11886.149
309,231300.0,168784.42,11892.395
1260,233300.0,289061.72,11899.643
1057,75200.0,97964.7,11900.762
921,62000.0,87704.664,11907.01
24,187800.0,239801.05,11907.48
3824,376200.0,277191.25,11915.131
468,263900.0,296110.6,11915.6045
3439,352800.0,250596.05,11916.041
3387,199400.0,268515.8,11918.544
2068,362700.0,307200.9,11919.433
1008,264900.0,307659.5,11922.812
1223,176600.0,263745.3,11923.613
720,87500.0,107620.67,11924.333
112,122800.0,186222.89,11926.996
2882,65500.0,88514.61,11935.143
182,145500.0,139683.39,11938.159
3802,261800.0,303240.34,11939.2295
519,59200.0,86007.64,11940.094
1730,79200.0,105425.64,11946.222
2204,100400.0,209086.84,11950.553
1457,157800.0,226807.34,11953.412
2477,68200.0,108060.06,11955.15
2186,314500.0,239042.8,11964.419
1815,134000.0,87638.516,11967.484
865,303100.0,244514.08,11968.978
2506,352100.0,390783.44,11970.374
4115,125000.0,162405.55,11971.284
3649,138800.0,169112.72,11971.299
1738,240100.0,238072.6,11971.55
2460,228900.0,225589.28,11973.37
3615,151800.0,159306.47,11975.485
1542,130800.0,181632.03,11985.136
3496,95500.0,164363.45,11986.319
1261,118600.0,146854.66,11987.289
2232,57600.0,87545.44,11987.942
3165,125000.0,186847.95,11996.925
1010,200000.0,87620.54,11999.755
480,100800.0,145399.34,12000.44
1489,81300.0,109937.54,12005.992
2545,101800.0,146402.5,12011.957
3109,362500.0,231054.34,12023.134
768,255400.0,211333.53,12024.797
4007,133400.0,191724.08,12030.856
801,252400.0,284570.7,12032.37
2803,224600.0,239489.55,12035.468
154,192400.0,199735.3,12040.589
2652,253100.0,234498.03,12045.986
3907,53500.0,87883.52,12046.243
3190,262500.0,156535.45,12046.734
2635,162500.0,156381.12,12049.961
3724,139400.0,163443.55,12050.389
2320,216400.0,188843.47,12051.755
394,132000.0,156952.88,12055.127
2580,183300.0,151196.2,12068.797
1645,146200.0,180629.38,12070.985
437,102100.0,145252.9,12073.669
3132,163300.0,174322.84,12081.386
1351,72200.0,91887.46,12090.6
13,78200.0,93206.984,12092.001
1006,93800.0,96635.72,12098.236
1872,78400.0,95675.55,12105.802
1876,273700.0,270049.8,12110.293
3345,114300.0,145252.33,12111.497
1715,484100.0,419211.7,12114.496
3624,92900.0,145210.83,12121.418
3185,101100.0,125854.5,12127.178
2811,229000.0,247543.03,12128.625
3844,132000.0,151650.47,12132.581
2418,133900.0,201593.31,12133.029
39,167300.0,210246.97,12133.556
600,116100.0,187368.34,12140.438
2297,88800.0,174647.66,12145.159
2428,231300.0,206250.44,12150.037
1896,500001.0,423228.0,12160.595
300,101500.0,151967.6,12161.357
942,76000.0,96791.016,12161.379
3890,102100.0,103279.45,12161.617
2481,318400.0,226541.5,12167.552
4032,138600.0,171922.95,12169.383
2301,88800.0,149985.83,12170.57
2262,377200.0,307402.8,12171.103
3154,99000.0,166139.66,12174.03
3006,270200.0,291393.0,12178.188
919,135700.0,97357.375,12178.509
1194,166300.0,188850.34,12179.871
2747,145900.0,168192.03,12181.211
3141,122400.0,141653.89,12186.894
935,131000.0,196467.22,12192.699
3306,57600.0,87165.19,12196.602
459,76100.0,126763.14,12206.927
2740,283500.0,280369.2,12211.573
2484,93600.0,151277.78,12213.466
3959,52600.0,87166.42,12215.476
2712,80000.0,192309.11,12215.575
2741,56100.0,83961.65,12223.1
502,134400.0,145935.06,12234.298
1076,59700.0,95992.234,12237.895
632,156600.0,220396.38,12240.797
2953,94400.0,173278.47,12245.866
578,144000.0,166673.45,12247.264
598,167600.0,148566.39,12248.396
80,96300.0,120005.8,12248.406
3149,255900.0,213510.05,12248.996
54,109800.0,171401.2,12249.659
2308,72100.0,99128.63,12249.677
2413,273700.0,370000.0,12253.928
3731,193300.0,279846.3,12267.987
1179,92800.0,135046.39,12271.328
4036,350200.0,337405.78,12283.815
1547,319700.0,228672.97,12287.327
3580,146900.0,126778.35,12292.084
2253,70100.0,96701.64,12292.86
2319,84100.0,97928.94,12293.225
774,153300.0,145059.27,12296.535
2937,158800.0,145164.31,12300.043
3005,64700.0,84649.914,12307.293
3982,62000.0,95704.19,12307.691
1975,125000.0,120267.266,12311.51
1299,102100.0,139037.55,12313.536
2087,271800.0,263369.3,12317.113
1959,149300.0,156091.0,12320.225
3247,66700.0,86398.71,12322.608
533,176600.0,145304.88,12323.144
963,93000.0,107952.9,12337.419
1045,162500.0,97062.35,12348.259
3913,100000.0,84378.05,12350.879
1853,88400.0,119665.125,12356.31
1960,98800.0,86290.14,12362.05
851,50600.0,84607.48,12372.164
3323,55000.0,86314.97,12379.18
1438,152700.0,146016.16,12379.735
1420,61500.0,85693.24,12387.046
3945,128000.0,145592.4,12389.822
2196,266800.0,215370.34,12390.369
178,247600.0,247739.4,12400.898
2153,187500.0,243377.34,12402.263
3167,135500.0,139455.33,12404.683
721,500001.0,421603.44,12409.738
278,243600.0,239526.58,12421.22
3450,277600.0,360216.75,12431.748
2574,321300.0,322626.7,12437.432
1618,111400.0,131616.78,12441.381
2752,241700.0,279992.9,12445.038
2640,92800.0,122780.0,12456.188
4100,283800.0,319205.38,12459.549
4082,87800.0,162640.5,12466.895
2501,142000.0,292780.97,12472.168
257,171000.0,183449.98,12484.889
3552,185600.0,148878.6,12489.58
3894,120000.0,148493.62,12491.716
3246,131300.0,161105.4,12494.277
2716,80100.0,87926.695,12503.691
1976,304700.0,341831.22,12511.708
2187,120700.0,145953.31,12520.338
1389,175000.0,190983.9,12521.334
1964,55700.0,150807.64,12521.42
854,303100.0,237592.7,12524.119
2725,310600.0,216762.17,12524.545
1922,93100.0,121879.0,12526.798
806,250200.0,237954.83,12530.644
604,84600.0,103080.76,12535.086
2315,130400.0,184190.69,12536.92
412,343900.0,326944.5,12539.718
2401,47500.0,84437.64,12550.138
1381,98600.0,120229.375,12550.832
2557,341500.0,299596.53,12555.684
1551,180400.0,204502.03,12557.59
2566,355200.0,264899.9,12559.628
1595,153500.0,145680.22,12559.844
2056,72900.0,107997.5,12560.173
2458,58800.0,86093.08,12561.235
1713,253600.0,152459.53,12568.796
1787,53900.0,94577.86,12569.189
3111,180900.0,232020.2,12578.224
997,59300.0,95238.2,12581.491
557,101900.0,123808.45,12581.798
1947,63000.0,85722.78,12585.314
443,166900.0,246295.0,12588.971
1132,126500.0,164493.84,12593.126
908,78300.0,94222.83,12598.676
3793,95000.0,126428.02,12606.418
2136,115300.0,108922.92,12610.323
861,55000.0,194118.78,12610.371
3922,87500.0,125304.23,12626.372
3049,140300.0,147347.02,12626.511
3436,105300.0,85708.2,12633.986
447,272200.0,271464.5,12636.553
3249,256000.0,249914.1,12645.841
2067,259600.0,276060.7,12647.308
3127,272900.0,250928.95,12647.949
3230,70000.0,126776.266,12654.152
1624,500001.0,412881.56,12654.832
328,217500.0,262772.94,12655.756
3808,380000.0,346693.5,12658.846
265,168500.0,143934.55,12659.521
3235,84700.0,83095.63,12662.163
2797,378100.0,404615.75,12673.198
474,142300.0,156372.62,12673.393
1774,107900.0,97152.484,12676.448
2188,76400.0,124266.125,12677.123
1176,73400.0,86701.984,12682.31
1253,440000.0,287752.4,12691.596
1985,57500.0,89018.15,12692.169
4119,177100.0,161030.56,12703.579
1453,267200.0,300644.2,12710.1455
3283,331800.0,252739.47,12713.675
1999,58200.0,85450.73,12714.115
3813,321700.0,279760.66,12714.174
663,74500.0,85398.55,12716.11
3682,195100.0,192551.47,12718.11
2271,248700.0,261448.33,12727.861
1464,34600.0,89122.375,12729.004
4029,178400.0,241114.1,12730.227
1397,276300.0,227077.16,12736.335
3834,275700.0,230132.8,12741.493
409,74400.0,95283.02,12742.058
3075,227300.0,310466.16,12743.057
2464,279600.0,263876.1,12749.662
2918,135200.0,148906.33,12760.127
3500,203400.0,193814.78,12762.616
3380,326600.0,286337.4,12764.905
2415,95500.0,180162.6,12765.368
3539,100000.0,161584.11,12766.021
191,113700.0,160022.25,12766.719
1816,53800.0,84141.36,12770.232
1616,139100.0,140828.34,12773.234
2466,53300.0,84652.95,12776.599
126,74100.0,148966.84,12785.518
365,342000.0,261824.25,12786.898
180,169500.0,176933.05,12793.446
1386,79700.0,95949.86,12795.497
602,56200.0,101948.305,12797.754
1684,190600.0,144080.0,12797.806
1314,458300.0,217544.03,12798.657
838,101500.0,121666.836,12801.482
3816,263800.0,233736.2,12805.907
3713,140300.0,188025.42,12810.268
527,127100.0,154658.53,12811.078
1358,307400.0,198149.28,12814.376
4111,263900.0,270838.9,12819.152
3675,112500.0,121643.08,12825.214
1165,290800.0,241602.2,12825.468
3779,154900.0,175939.62,12829.396
4088,50400.0,83837.11,12830.153
3445,126900.0,147626.72,12833.38
3444,275000.0,238419.4,12834.664
1011,355300.0,328552.1,12836.375
1169,500001.0,159335.88,12837.452
3451,117200.0,154724.95,12840.916
2345,193100.0,267457.0,12843.095
1833,104200.0,133062.42,12844.782
71,351400.0,262747.25,12846.662
1086,297200.0,274872.4,12847.813
588,71500.0,94264.234,12852.376
648,65200.0,95288.12,12852.715
2525,335200.0,273202.75,12853.253
650,116700.0,143339.67,12857.761
1081,255100.0,293184.06,12866.247
285,244500.0,314776.28,12866.455
3600,67500.0,107764.7,12869.752
1144,241700.0,250467.88,12874.816
2849,204800.0,243473.55,12880.852
2004,294200.0,328514.12,12892.387
313,199300.0,211142.05,12893.72
1904,266100.0,308075.8,12894.698
2730,70300.0,109238.65,12901.988
2858,97400.0,121665.25,12909.095
516,268600.0,252883.28,12910.361
939,225000.0,228139.78,12912.879
3786,143900.0,192290.4,12921.415
3938,282600.0,231900.1,12922.485
3557,246300.0,259099.9,12924.595
1481,132500.0,156163.6,12927.709
1064,220600.0,303915.72,12928.704
3958,319600.0,301637.34,12929.259
1090,183600.0,282509.44,12932.045
2149,129100.0,213360.45,12938.482
3782,123100.0,96122.08,12950.461
4048,159200.0,163702.72,12952.826
1717,112500.0,91482.25,12963.536
3493,311000.0,252320.0,12966.001
2825,67500.0,226542.66,12967.51
3588,93500.0,136097.08,12972.205
3479,118800.0,134405.28,12982.277
3329,55700.0,143177.97,12984.804
1062,161800.0,137847.84,12985.45
329,254200.0,226618.16,12993.434
2722,71000.0,101937.945,12997.226
523,106300.0,138040.1,13006.031
2245,98700.0,138806.47,13011.04
3418,220800.0,308996.3,13015.184
221,200000.0,197787.16,13024.15
1406,341800.0,376898.84,13026.957
3177,103000.0,128462.06,13031.626
1422,80000.0,107021.42,13033.477
2795,98100.0,122454.836,13034.121
4038,76800.0,83232.484,13034.64
3508,180400.0,194567.06,13041.981
3304,37500.0,98029.36,13042.3125
495,93200.0,97215.01,13042.583
3343,166900.0,203516.66,13056.358
2381,113900.0,94987.45,13057.509
2411,129200.0,156666.38,13070.559
343,156600.0,233058.4,13076.669
1810,253600.0,240789.66,13079.008
614,239400.0,289488.06,13096.69
433,123800.0,148021.4,13100.185
3511,181500.0,313547.34,13110.141
2618,103100.0,111558.516,13116.939
3553,166000.0,143449.2,13117.798
3152,288200.0,333685.0,13118.342
229,268700.0,320758.47,13134.694
1599,500001.0,421919.0,13144.836
2992,293300.0,241108.6,13149.64
76,402500.0,202627.22,13156.808
2227,64900.0,85264.8,13160.497
606,374400.0,417596.8,13163.098
3396,225800.0,252531.88,13165.805
583,441700.0,269199.66,13176.155
1576,116700.0,158739.62,13182.867
1028,72800.0,100439.11,13183.989
860,223200.0,303327.44,13191.516
524,68000.0,111337.625,13196.202
2798,450000.0,209779.92,13204.624
545,113300.0,143356.97,13210.135
1304,104800.0,148862.6,13211.074
1596,345800.0,366358.56,13211.41
2681,156000.0,189668.47,13222.634
1838,207400.0,283678.8,13225.898
697,438300.0,237507.8,13231.887
3068,264500.0,302145.44,13250.15
2421,285700.0,323925.8,13254.266
2335,137500.0,120448.5,13256.289
4019,85000.0,96372.91,13269.146
1268,119200.0,145671.22,13271.505
2779,126500.0,164720.4,13277.533
1720,200000.0,215279.33,13278.098
679,141700.0,144177.05,13283.162
2745,488900.0,202015.06,13285.155
1191,273000.0,268173.9,13292.816
3465,112500.0,82081.2,13305.194
790,93800.0,124651.4,13316.202
841,57500.0,88674.75,13319.722
3555,272300.0,266769.34,13321.224
503,72500.0,95098.625,13323.764
1955,75000.0,94557.72,13324.483
48,125000.0,169659.55,13347.719
3889,95000.0,143330.6,13354.39
1756,287200.0,292398.22,13362.457
3538,268100.0,289189.34,13383.474
1089,353600.0,316702.84,13387.471
2214,229200.0,277566.56,13390.912
784,288900.0,204655.22,13395.522
1276,149700.0,188287.47,13397.98
852,446800.0,280337.3,13406.011
2822,204200.0,226058.2,13416.662
893,148200.0,208446.78,13417.605
2642,84700.0,85341.27,13423.281
1628,82300.0,113635.56,13427.076
238,218900.0,220562.34,13429.301
2396,222100.0,218336.2,13438.333
1923,275000.0,273844.53,13447.439
605,130800.0,167379.2,13453.6045
846,252300.0,228871.38,13457.835
3637,257000.0,326199.2,13459.49
2261,107200.0,142849.62,13464.936
2280,162500.0,142859.84,13466.458
1445,185100.0,193595.67,13478.189
3207,450000.0,238135.55,13482.343
946,85400.0,143827.84,13492.612
113,65000.0,100721.14,13496.214
117,123800.0,138423.4,13497.12
4107,100000.0,95203.11,13497.342
2672,181300.0,198920.19,13514.521
22,100600.0,143427.97,13518.349
32,397500.0,339244.4,13519.607
2006,90800.0,120387.77,13525.162
93,257700.0,195994.11,13533.191
3031,84200.0,160131.03,13542.1
3007,304500.0,227575.47,13546.225
21,162800.0,177184.1,13546.536
3335,102300.0,143681.9,13557.002
2251,62100.0,94360.766,13557.699
2650,136900.0,150584.34,13562.223
2310,285200.0,320270.75,13562.408
849,101600.0,141929.33,13566.533
1495,231900.0,255133.34,13574.056
2443,125300.0,166853.5,13575.699
3854,58600.0,84235.24,13577.864
3330,54000.0,91314.664,13579.454
3419,87500.0,153635.89,13580.464
41,224600.0,261964.83,13586.228
724,235600.0,302534.66,13592.87
3044,84500.0,127135.94,13596.49
95,61200.0,81659.7,13606.598
3501,351500.0,270319.06,13610.25
373,307400.0,255201.4,13610.513
374,128500.0,169796.9,13610.969
2281,81900.0,93303.734,13616.681
2032,500001.0,423271.8,13619.935
430,223900.0,251863.25,13622.096
2382,94200.0,92865.28,13625.283
2439,278100.0,309545.2,13629.992
3051,151100.0,164399.47,13634.552
678,100000.0,132404.38,13643.036
3944,59000.0,81307.734,13652.446
596,145900.0,194472.12,13655.945
2878,348900.0,325600.5,13656.058
3178,60200.0,94428.414,13662.172
2156,450000.0,186463.03,13666.528
3409,153400.0,142842.61,13677.692
1419,62700.0,119134.375,13678.958
3590,185500.0,166320.34,13688.268
1577,240300.0,272539.47,13700.416
2855,300000.0,369766.75,13706.807
1929,186200.0,213006.7,13707.448
144,91700.0,154875.83,13712.134
1866,133600.0,145097.9,13715.077
4053,62100.0,85176.86,13716.269
2694,105900.0,124340.8,13717.822
3432,251800.0,285878.06,13722.072
2233,120000.0,183214.08,13723.833
179,275000.0,277031.7,13724.355
3796,212500.0,214142.83,13725.58
2830,125400.0,184473.4,13728.714
836,80400.0,83864.57,13729.983
542,61200.0,84339.55,13730.705
235,133700.0,143390.55,13737.53
662,165900.0,248320.92,13738.493
2929,51600.0,84098.98,13743.23
3383,175000.0,298965.22,13743.447
1652,228700.0,347578.72,13749.15
1129,113700.0,105072.11,13763.801
3293,320300.0,411649.94,13768.484
3925,235800.0,309527.2,13768.718
1175,80400.0,121902.914,13783.9375
641,225000.0,131437.25,13789.722
722,83900.0,90053.56,13799.52
769,261300.0,275435.75,13800.723
3431,72700.0,94888.08,13806.828
726,121900.0,142482.56,13808.561
844,178600.0,232127.0,13810.422
1328,239500.0,230446.66,13811.852
1442,93400.0,142799.05,13814.113
3658,158000.0,249646.25,13819.812
1212,137500.0,209566.4,13824.105
1001,154500.0,239005.42,13830.203
2777,292100.0,285902.0,13836.17
1369,92700.0,127450.67,13837.177
0,273700.0,312351.56,13838.807
3998,123800.0,144459.11,13841.594
832,42100.0,81358.86,13843.607
2879,165600.0,231897.25,13845.589
1674,302100.0,316736.9,13849.064
1653,110000.0,82806.664,13850.523
1279,60000.0,167356.25,13851.301
1649,285200.0,306690.78,13851.356
2085,134400.0,173163.03,13854.838
4092,181100.0,302235.78,13855.317
2234,246400.0,225341.95,13856.574
3699,89700.0,195366.55,13858.968
3184,150000.0,142610.47,13863.493
2520,95500.0,143482.9,13872.583
3874,210700.0,253094.8,13872.797
3987,134500.0,165386.27,13882.041
1339,129700.0,187962.89,13884.163
1450,158900.0,154453.1,13884.373
4072,268600.0,252972.95,13890.43
1677,387500.0,311800.4,13893.678
3902,93400.0,96950.38,13894.606
3917,382100.0,339222.5,13897.31
1574,280000.0,219183.72,13906.489
1288,398600.0,360093.16,13924.142
895,269400.0,239463.3,13927.239
118,156900.0,137604.62,13937.737
1377,70600.0,94107.016,13939.956
3481,64400.0,93305.625,13948.717
4118,92300.0,142671.38,13949.846
3993,384200.0,377514.9,13956.054
1563,156700.0,234164.84,13962.273
992,270100.0,330620.2,13971.914
169,352400.0,392356.2,13972.522
3256,344900.0,337400.2,13978.285
2031,319300.0,397440.72,13980.248
2447,237500.0,274632.56,13997.412
2931,107900.0,143166.73,13999.725
910,298400.0,251226.03,14007.289
591,57900.0,82270.98,14011.21
996,49000.0,83473.35,14023.916
1939,60900.0,85477.71,14030.716
4096,173900.0,156617.78,14033.512
115,223900.0,270392.66,14038.782
1173,66100.0,90160.86,14042.058
1239,68400.0,106545.31,14043.674
1254,120800.0,149718.67,14058.219
1391,332900.0,322317.06,14058.755
756,99600.0,143320.6,14081.988
2107,116100.0,141987.23,14088.512
3783,58200.0,82952.81,14091.696
2461,71700.0,105436.9,14100.744
700,106300.0,135487.03,14107.891
3404,123500.0,129920.85,14113.04
676,349300.0,242567.92,14115.045
2550,156300.0,193996.7,14117.961
1041,261500.0,252159.75,14126.268
2191,336900.0,223950.6,14134.067
2744,106100.0,105461.0,14136.594
3046,271100.0,303293.7,14143.085
2790,500001.0,436131.16,14146.006
1782,115100.0,142893.28,14165.541
1207,90000.0,154216.33,14167.832
1566,87500.0,305348.3,14188.149
2828,227600.0,319956.5,14190.33
2669,290000.0,258520.3,14206.92
2405,267500.0,241514.9,14223.299
3582,90600.0,142332.84,14237.888
2135,343000.0,331126.16,14249.1
2784,89400.0,99882.81,14249.529
2908,263800.0,299153.4,14254.616
3361,70300.0,83401.89,14261.61
1981,389500.0,311298.06,14272.281
3799,246400.0,264089.56,14273.222
3708,65000.0,93385.39,14279.688
2670,237500.0,249008.25,14281.722
246,351200.0,347712.66,14284.742
3164,64100.0,82192.59,14287.357
3292,149600.0,169367.53,14289.359
505,320400.0,244192.78,14295.949
2078,299400.0,291406.53,14307.477
1111,50900.0,80238.92,14312.157
2549,74800.0,93085.1,14317.646
1035,81300.0,92212.11,14329.4795
3822,230900.0,253435.25,14331.338
99,121500.0,185125.11,14337.137
1066,72500.0,154169.6,14348.981
738,217500.0,312061.84,14354.808
1150,88300.0,81772.04,14361.855
4073,76400.0,88211.75,14375.373
3172,156900.0,177245.6,14378.752
3505,115800.0,141454.25,14388.238
2997,97300.0,145674.45,14391.152
2827,128800.0,153321.34,14395.969
3807,87500.0,238555.4,14398.189
1898,310900.0,299329.94,14402.101
1719,236200.0,303698.5,14415.162
629,94400.0,141943.62,14416.506
1140,179500.0,224031.9,14419.592
2012,380000.0,322883.84,14419.867
3828,218600.0,279759.94,14426.589
2511,150200.0,208447.5,14433.586
3101,330400.0,369680.5,14436.481
2845,295300.0,243349.38,14440.072
2727,294100.0,244499.47,14441.371
2850,83800.0,83057.46,14445.898
2402,353600.0,387172.06,14446.906
50,217300.0,276654.34,14459.86
2112,129400.0,204128.72,14461.247
2621,160400.0,167928.53,14463.471
3942,82000.0,158966.86,14468.04
2814,71200.0,107378.9,14476.271
2073,254400.0,392953.1,14477.261
2341,46900.0,82309.05,14481.765
330,243800.0,252658.6,14519.0205
3842,227900.0,273414.94,14523.395
3863,332500.0,298088.7,14527.389
881,60400.0,94966.55,14544.692
4033,98800.0,141529.16,14545.987
1042,320200.0,326628.75,14553.62
3585,123600.0,180732.03,14562.835
98,285500.0,344599.53,14565.48
1788,62400.0,92830.086,14575.008
1182,220200.0,279631.4,14582.909
1849,251800.0,325419.2,14585.646
195,162200.0,180885.56,14609.965
1380,98400.0,125114.54,14610.332
3346,226900.0,222112.05,14623.258
2754,289500.0,305859.25,14626.503
1270,103400.0,92431.445,14631.181
1373,290800.0,228220.7,14644.833
1952,106900.0,92359.055,14658.734
65,50500.0,80352.14,14659.11
2684,274200.0,231313.0,14660.699
2729,334300.0,334784.94,14671.325
803,178100.0,229696.25,14677.207
3836,126500.0,201124.75,14677.233
2358,74500.0,103811.55,14679.128
2743,161800.0,141386.45,14682.6045
282,62900.0,79650.52,14683.479
224,335500.0,283849.03,14686.495
4010,452300.0,342147.78,14714.193
1091,58600.0,87843.33,14740.513
3156,71300.0,106558.67,14748.0625
1172,67300.0,91593.6,14751.991
2020,88900.0,162004.17,14755.177
226,136800.0,145624.9,14760.363
1043,325000.0,239567.92,14761.677
1844,102800.0,180075.16,14762.461
2321,57500.0,161412.03,14768.859
192,85000.0,157293.78,14771.231
1181,69100.0,79743.88,14792.644
2901,100600.0,141214.67,14811.403
2215,156500.0,152422.7,14812.072
1250,164200.0,210060.66,14816.42
699,88200.0,140869.83,14819.108
2966,58000.0,81865.59,14820.791
878,268500.0,263086.56,14840.683
4109,231900.0,317084.9,14851.328
526,324400.0,351394.44,14856.531
220,441900.0,364253.22,14858.565
2500,500001.0,419451.5,14868.426
3714,400000.0,232608.58,14869.407
155,159700.0,207199.25,14874.63
2808,248700.0,247946.25,14887.361
1110,93400.0,130737.55,14897.169
1594,137500.0,122368.3,14897.59
2417,73700.0,91643.516,14897.857
334,104200.0,151878.89,14910.041
57,52600.0,79834.7,14913.634
204,60500.0,80739.4,14930.389
3531,180500.0,323836.16,14940.872
1193,451500.0,338832.4,14983.095
1638,87100.0,153274.66,14989.896
2139,61600.0,125004.125,14996.004
531,284100.0,299697.1,15024.077
4125,105000.0,141498.42,15027.517
74,84700.0,156920.77,15030.458
3458,68200.0,90721.58,15055.736
1578,59600.0,90165.06,15059.684
219,51600.0,79523.94,15060.213
2205,259600.0,299422.38,15060.379
3448,99200.0,104155.33,15065.389
3950,75600.0,124443.1,15069.195
2283,299300.0,313810.9,15086.514
377,96700.0,140695.72,15094.056
395,165600.0,134072.7,15096.496
2365,102000.0,152753.45,15101.734
2424,70500.0,123236.27,15103.226
2433,54400.0,79667.98,15106.272
2534,277300.0,248414.53,15112.198
3228,209800.0,251949.17,15114.014
2242,316000.0,335264.5,15116.97
489,73700.0,91867.67,15118.573
3833,48800.0,79778.336,15120.764
3638,421000.0,280757.1,15121.459
1610,404800.0,243522.2,15122.97
63,97700.0,159792.33,15124.561
181,185100.0,266956.6,15140.702
2000,415800.0,288083.38,15145.416
2162,143000.0,192711.66,15145.543
1643,206100.0,164140.66,15146.291
198,51000.0,79659.234,15159.032
2386,130600.0,194473.83,15162.673
567,256300.0,245187.16,15166.924
1970,66200.0,80277.08,15177.919
3532,68500.0,90591.92,15182.223
3765,176400.0,252268.12,15187.275
1347,453800.0,432439.3,15187.553
2897,268000.0,240687.34,15194.878
517,237200.0,284034.1,15195.921
3838,267600.0,345610.2,15197.43
3650,65200.0,80785.484,15217.448
3663,196400.0,267364.6,15219.994
4020,343100.0,316314.25,15221.87
445,70400.0,90879.6,15227.34
9,212500.0,252143.66,15228.909
3176,107000.0,148396.52,15243.075
188,467700.0,323924.2,15285.839
1770,351300.0,379404.72,15286.919
348,293100.0,332220.1,15291.307
2734,117500.0,147980.83,15294.177
2933,276400.0,321708.2,15295.914
751,96800.0,140344.97,15300.597
2527,61700.0,81709.44,15323.414
3900,350000.0,231977.3,15338.303
2689,113500.0,135406.25,15343.221
3800,162500.0,220251.16,15345.369
452,42500.0,80437.35,15345.495
89,113800.0,189424.25,15356.626
2973,135100.0,187478.45,15356.971
746,69700.0,90535.72,15358.373
3878,86400.0,140520.84,15361.236
2524,500001.0,428892.6,15390.979
1617,500001.0,313389.7,15402.235
782,50500.0,122064.6,15410.49
644,197200.0,234435.8,15412.162
2155,58500.0,91173.21,15415.371
1498,376800.0,253493.58,15429.764
2986,55900.0,120772.3,15437.819
295,216600.0,334306.9,15439.776
2774,94900.0,140431.27,15444.0205
1078,90600.0,82726.69,15446.074
3212,215200.0,286306.53,15467.818
247,110000.0,278754.34,15471.946
1287,232500.0,245008.47,15476.316
807,338700.0,290060.5,15476.469
3586,500001.0,262564.7,15482.351
2538,106300.0,130342.55,15483.378
891,109100.0,140017.08,15487.552
231,196600.0,280602.62,15495.625
1382,76800.0,118370.234,15525.217
194,323800.0,215689.84,15526.117
994,86400.0,120820.52,15541.094
2875,61400.0,82705.27,15556.649
2628,189800.0,262186.6,15557.978
2148,236900.0,311405.75,15564.153
1114,190000.0,317407.34,15583.469
3039,500001.0,439004.3,15592.904
1809,291500.0,302388.7,15598.592
1690,129200.0,150273.12,15599.107
1552,98700.0,133441.62,15603.513
2026,301800.0,317955.44,15622.92
1946,500001.0,429553.84,15626.907
2884,333700.0,336208.66,15628.279
2646,57700.0,118547.4,15628.516
3236,82900.0,119703.77,15637.987
2471,283200.0,252913.28,15638.669
442,452100.0,377865.56,15641.448
3995,350000.0,221352.42,15652.166
3417,399700.0,434903.5,15652.232
1365,137500.0,271463.7,15653.46
3694,436800.0,260447.03,15653.721
1799,328000.0,337662.34,15656.353
1879,58800.0,78175.55,15663.778
2721,368700.0,327440.38,15721.096
3435,70400.0,102097.234,15721.981
2057,95100.0,139711.5,15722.804
2497,95500.0,129007.73,15735.157
230,318400.0,309410.75,15736.929
1065,231200.0,296786.8,15737.958
2987,214300.0,246362.08,15743.019
3262,94600.0,116952.52,15744.711
1792,305900.0,331225.06,15747.116
3951,361200.0,328523.44,15753.983
1296,59800.0,78192.58,15761.845
3474,57200.0,115892.58,15762.258
3774,44100.0,78335.6,15766.904
2231,248200.0,313675.56,15773.09
585,256200.0,249859.95,15776.852
3621,89300.0,151552.47,15792.299
1,66900.0,78135.67,15792.423
3113,50800.0,78155.57,15792.965
1355,59000.0,135068.0,15794.17
419,105800.0,118889.15,15811.77
1531,500001.0,275680.44,15820.543
3123,58800.0,134718.23,15836.677
1707,201000.0,271923.84,15843.166
1688,384500.0,397504.44,15852.42
1626,57100.0,79283.414,15853.042
2274,111800.0,170447.95,15857.6045
2922,369300.0,235075.95,15859.153
2258,67900.0,78247.25,15863.773
3599,315200.0,311813.5,15867.199
785,66700.0,78845.914,15882.519
928,100000.0,139468.58,15886.983
2702,242000.0,254889.25,15895.242
3392,61300.0,79984.67,15896.63
2024,279300.0,325477.47,15903.796
1934,411600.0,349225.72,15906.691
1350,211800.0,245552.3,15917.955
387,43100.0,77882.016,15918.866
3775,72300.0,120571.8,15930.341
582,346100.0,286084.56,15941.946
1834,209500.0,297034.25,15946.05
592,71100.0,112823.52,15960.319
2084,324000.0,302477.5,15961.193
1871,43100.0,77850.55,15975.526
2376,326000.0,301119.06,15982.223
3003,51300.0,78004.375,15994.297
2015,101300.0,139304.9,16003.0625
3025,417600.0,254242.66,16022.707
3433,118800.0,128632.11,16023.328
2863,330100.0,320426.7,16023.957
3872,238800.0,274773.6,16025.339
506,350200.0,341019.03,16029.527
1016,441400.0,393246.47,16054.6045
3698,150000.0,129002.29,16061.846
2507,205800.0,278899.2,16076.287
2142,390800.0,242657.53,16080.941
816,111300.0,131007.625,16087.131
1434,250000.0,231481.95,16091.318
193,62100.0,86294.52,16093.036
2499,147700.0,118571.6,16101.641
907,240600.0,222049.6,16114.649
794,265200.0,242159.34,16150.816
1881,232500.0,236389.8,16164.535
129,423300.0,296698.7,16166.675
1862,60000.0,77530.38,16171.758
2645,305800.0,308511.66,16175.427
2553,441100.0,356576.66,16192.134
3748,89500.0,139108.1,16198.25
2200,391800.0,357482.25,16222.634
789,102600.0,139061.34,16228.15
3163,63900.0,83946.64,16240.23
3869,58900.0,80717.52,16247.227
2892,493000.0,428405.0,16266.898
3971,67800.0,89164.164,16270.317
2206,453800.0,430621.0,16270.337
1348,54300.0,78416.914,16272.203
3265,72000.0,129304.89,16308.53
1831,500001.0,439900.8,16324.751
3422,67500.0,122578.94,16342.917
4064,403300.0,287132.5,16355.695
1340,362800.0,353534.4,16357.397
3820,325700.0,333906.5,16362.211
3081,55700.0,89609.61,16372.462
1857,53900.0,77221.484,16376.964
3367,245900.0,353143.16,16399.586
2819,200000.0,221808.1,16406.338
1271,285600.0,268882.56,16426.068
1695,43000.0,116193.48,16427.752
3043,93300.0,157603.47,16437.574
1190,153100.0,128454.95,16438.906
3646,243300.0,278591.34,16445.434
561,295600.0,292231.25,16448.205
937,292600.0,262725.47,16486.705
168,256300.0,304929.56,16489.598
2077,315300.0,297134.3,16507.33
1993,95500.0,76990.914,16514.453
1133,67500.0,142640.05,16531.02
1201,300000.0,215565.6,16538.209
1509,354700.0,313088.22,16547.783
3093,55900.0,77293.92,16564.896
464,401800.0,392298.44,16573.006
382,232700.0,248334.67,16586.66
4099,354600.0,322047.03,16598.111
1921,258300.0,254215.95,16599.365
599,333700.0,380262.0,16599.457
1702,73300.0,77788.24,16610.186
2675,290500.0,322617.3,16622.219
3142,144900.0,230765.97,16624.885
3524,87500.0,130871.42,16627.7
2717,218300.0,230061.88,16627.92
2834,500001.0,417497.66,16628.691
3771,94800.0,190207.66,16641.506
3831,500001.0,432208.0,16649.238
1544,406200.0,341506.7,16659.93
2054,279400.0,256070.84,16665.756
2082,335900.0,285553.1,16667.852
2216,500001.0,435046.9,16679.807
3979,67500.0,183578.45,16691.273
26,53200.0,80020.3,16691.887
1651,57700.0,115033.8,16696.86
2620,67000.0,89080.68,16716.44
3521,320700.0,340557.1,16723.129
3562,264700.0,291009.25,16726.604
3929,319800.0,345298.0,16730.777
1790,81700.0,155541.72,16743.943
2360,341200.0,257553.75,16745.807
1930,58100.0,117482.77,16762.37
1667,331500.0,303893.8,16768.514
924,339500.0,348997.34,16775.973
1237,181800.0,172544.9,16786.23
3953,323500.0,287288.8,16787.047
2362,87700.0,123044.27,16787.383
1462,353300.0,328373.3,16788.377
627,143300.0,192095.25,16795.566
1322,450400.0,429314.9,16801.842
1582,309000.0,362809.53,16806.39
3564,99600.0,153962.7,16819.467
548,79000.0,124646.67,16828.252
840,126900.0,164598.86,16829.414
1605,90200.0,119100.85,16851.008
2617,380000.0,321259.2,16854.467
284,241700.0,224797.72,16858.828
2184,103600.0,125414.92,16864.936
1040,292900.0,243864.75,16865.262
740,165500.0,226210.97,16892.553
1803,180100.0,284513.78,16893.717
2789,252700.0,265238.66,16905.617
403,283300.0,359538.34,16940.152
270,245800.0,321444.2,16941.338
2624,500001.0,371477.16,16942.91
2185,500001.0,429399.7,16954.719
3749,92800.0,196282.12,16958.64
2494,320200.0,301280.44,16971.129
1313,122500.0,149563.81,17006.482
2840,137500.0,88892.92,17013.18
19,457500.0,256834.67,17017.834
463,114600.0,201609.75,17035.693
2658,52500.0,76207.06,17039.973
3597,49400.0,79030.18,17054.482
671,402500.0,348643.3,17060.107
2644,154400.0,158065.39,17063.59
2581,54100.0,76762.89,17075.076
958,282500.0,315009.2,17081.676
1731,112500.0,77087.65,17085.236
2089,310900.0,258751.9,17087.408
3908,335000.0,285948.2,17091.322
504,302100.0,338313.12,17094.959
2486,459600.0,423573.8,17101.97
3548,350000.0,272310.44,17108.209
3830,412600.0,318560.1,17123.229
2807,120600.0,148025.83,17140.275
809,252900.0,293212.94,17167.012
3753,57800.0,76599.14,17172.998
1061,500001.0,436478.9,17177.607
2738,68300.0,75794.05,17192.648
1847,353600.0,316050.28,17201.125
1184,167400.0,314301.38,17217.047
3704,50000.0,86225.945,17223.637
3456,296100.0,322791.88,17229.28
253,99100.0,119566.1,17230.666
1781,396000.0,347907.66,17233.326
2657,500000.0,276416.3,17242.0
4075,42700.0,77558.586,17268.68
1100,60700.0,76612.64,17274.031
163,282000.0,331260.34,17283.752
2171,92800.0,189490.4,17300.275
1827,500001.0,239161.78,17314.037
85,166700.0,243598.1,17345.67
105,53900.0,76707.52,17355.422
3692,500001.0,276407.66,17372.78
513,232100.0,229257.16,17389.3
2355,241700.0,334509.56,17402.15
2002,76800.0,75925.87,17405.264
1569,58400.0,117770.52,17414.14
2852,55800.0,76098.234,17415.287
3022,306000.0,302979.5,17436.193
2328,50000.0,76378.56,17436.775
3857,47500.0,174315.75,17440.52
651,41500.0,75476.414,17451.531
1855,281100.0,329612.3,17452.146
540,261300.0,245056.97,17453.955
763,51100.0,75447.234,17466.975
3407,69100.0,116496.4,17481.121
783,48300.0,75562.02,17488.355
616,281500.0,303911.12,17499.705
3229,275100.0,292572.22,17518.078
962,232000.0,247551.7,17530.596
4121,370100.0,296921.06,17536.66
3302,92300.0,149351.61,17538.432
1786,404800.0,281998.16,17558.46
743,41700.0,75346.57,17624.371
2940,101900.0,147481.86,17632.602
1030,253800.0,285620.75,17633.299
2606,67200.0,77166.3,17712.395
993,332800.0,299134.8,17714.227
2562,275000.0,259080.2,17720.059
499,106300.0,248662.1,17779.469
404,278500.0,259969.6,17794.758
3301,131100.0,133030.47,17796.63
1639,204700.0,229311.4,17796.72
3056,119400.0,148863.75,17805.09
156,265000.0,261075.05,17823.852
1083,384700.0,265342.6,17829.455
1138,314900.0,305192.8,17834.781
764,369400.0,253840.12,17849.543
3526,500000.0,343183.66,17850.238
1410,397500.0,367704.66,17851.578
312,379000.0,329796.5,17873.02
3728,228300.0,274375.4,17916.84
1058,500001.0,434004.1,17939.89
3311,443900.0,382751.28,17952.12
2174,136900.0,184782.84,17954.35
3157,56400.0,74648.586,17975.697
3839,125000.0,154668.95,17993.188
767,38800.0,83225.39,18001.316
3919,390000.0,306234.78,18003.338
3986,309700.0,363415.47,18071.95
1631,48900.0,75431.54,18089.82
3347,344700.0,300649.0,18093.518
2161,285200.0,280725.75,18133.889
3091,57900.0,74418.11,18135.123
1861,71000.0,74375.47,18160.553
3143,355300.0,235617.75,18176.62
2630,231200.0,274934.62,18182.781
2327,61800.0,131676.08,18202.71
2709,55500.0,74283.9,18203.64
586,56500.0,74304.2,18214.152
2706,322600.0,249373.25,18219.537
407,500001.0,332867.8,18259.96
370,218800.0,128339.19,18329.684
889,113500.0,153462.03,18342.193
2183,251100.0,274971.22,18366.578
1203,500001.0,427806.4,18366.902
4050,273000.0,326308.1,18403.346
3797,345000.0,324079.22,18407.795
276,45600.0,73954.2,18411.58
1379,275000.0,258155.84,18413.293
1130,281300.0,218248.55,18416.947
3116,281100.0,306598.7,18422.186
4021,132700.0,231827.1,18423.11
1383,281800.0,298374.0,18432.553
3561,500001.0,394515.75,18444.037
1968,127100.0,125890.266,18456.482
1305,57400.0,73931.414,18465.656
67,500001.0,285554.06,18469.451
1272,132300.0,134915.6,18472.994
2746,205400.0,298777.7,18487.848
3688,255400.0,230974.2,18488.795
772,162500.0,258256.8,18501.04
3776,235700.0,238840.1,18526.64
3835,312500.0,224782.53,18530.783
1828,43900.0,124698.46,18531.453
708,323000.0,271663.6,18544.764
2698,295900.0,331770.2,18551.416
2167,279900.0,284480.16,18610.17
969,332100.0,234230.95,18626.48
1344,194100.0,262389.7,18654.598
2017,272400.0,326130.2,18658.43
1404,283200.0,326134.5,18671.682
3689,326300.0,299308.16,18717.492
1895,49500.0,74313.23,18718.143
3904,55300.0,111465.89,18726.988
4057,39600.0,73541.99,18730.92
1077,484700.0,374942.6,18742.17
1920,430300.0,325541.1,18783.734
739,72200.0,121541.58,18788.375
465,64600.0,114009.08,18809.307
397,327800.0,318102.38,18811.453
1198,439200.0,329534.28,18813.742
3955,500001.0,390279.6,18820.533
250,270000.0,301049.06,18821.422
2069,500001.0,308742.34,18903.0
2704,118000.0,158218.14,18904.094
3710,461500.0,268953.25,18934.85
2978,263500.0,241871.03,18943.256
3484,127200.0,219566.6,18946.09
3973,375700.0,384154.25,18951.078
3941,61200.0,111425.23,18951.617
3611,162500.0,145551.5,18957.246
3309,150000.0,259852.7,18976.316
1820,315800.0,299993.84,19017.33
393,500001.0,268637.75,19028.867
4023,427600.0,246751.0,19106.164
594,325000.0,263340.66,19126.492
3272,360900.0,351076.94,19136.172
1259,439300.0,302963.7,19141.832
3898,44000.0,130307.86,19165.84
555,87500.0,123894.05,19262.44
3443,93600.0,139254.56,19273.92
1095,362100.0,297453.34,19311.07
3819,75000.0,329889.6,19344.504
3083,317100.0,281513.1,19353.936
2452,290000.0,264264.7,19359.277
2008,384400.0,343400.12,19381.414
2046,293200.0,316391.44,19403.283
1015,426000.0,440438.5,19413.008
1027,113800.0,152509.9,19420.377
2090,500001.0,410629.06,19428.041
710,295500.0,268459.1,19458.607
823,367800.0,306392.4,19497.352
999,405100.0,237030.4,19532.54
1693,492500.0,366238.9,19563.543
2568,500001.0,249947.62,19574.023
1597,342700.0,264506.25,19586.809
725,500001.0,353223.3,19588.84
2755,500001.0,366694.4,19593.64
936,268400.0,243374.7,19602.545
948,86300.0,122874.8,19628.29
2692,143000.0,209020.53,19632.752
1997,500001.0,423905.66,19694.828
3021,385200.0,335108.44,19728.424
3058,294000.0,277564.5,19760.582
2467,250000.0,324735.56,19783.514
3315,424600.0,395084.7,19783.758
82,465800.0,282330.25,19791.729
1153,214300.0,294844.7,19800.463
3848,500001.0,308655.97,19804.666
624,67000.0,113487.25,19808.799
3737,339800.0,299116.78,19851.475
735,433300.0,312668.0,19851.693
2674,295100.0,327404.75,19857.268
549,426900.0,403466.56,19892.863
2391,304100.0,281943.9,19906.967
3926,341500.0,245965.33,19908.35
3664,324300.0,337298.28,19954.754
1586,261500.0,266554.8,19959.96
3374,67500.0,158060.7,20000.082
2964,295200.0,259836.4,20019.758
1177,294900.0,330144.2,20025.195
2742,359000.0,287136.1,20057.607
3198,369200.0,317148.3,20061.057
2121,376200.0,412812.9,20073.834
3996,500001.0,388122.22,20100.21
1300,386500.0,323058.94,20127.27
2862,248900.0,274837.56,20129.025
2887,361800.0,272423.16,20129.637
2623,500001.0,328404.56,20150.262
4045,500001.0,440690.5,20234.012
473,376800.0,320980.1,20236.514
2102,76200.0,151555.75,20247.36
423,473400.0,398489.7,20273.812
2103,318300.0,260149.7,20356.168
961,241300.0,302264.72,20368.979
2495,300000.0,286391.5,20378.578
3875,500001.0,408660.94,20396.89
2117,366100.0,256488.83,20403.996
2224,500001.0,302486.94,20429.63
2080,62300.0,150939.25,20442.752
2923,281900.0,433772.1,20464.084
577,343300.0,319856.9,20471.797
1644,321800.0,318195.22,20495.105
897,500001.0,355807.44,20544.578
2833,157700.0,204716.28,20566.105
2509,500001.0,384982.94,20574.059
716,339800.0,318195.6,20671.287
3237,107200.0,157410.88,20671.393
899,112500.0,130561.86,20677.812
184,350000.0,307273.66,20715.146
2781,365600.0,321815.34,20727.56
3263,380800.0,315027.94,20753.008
3619,335900.0,338339.25,20767.27
3686,410000.0,286878.78,20787.025
1836,349600.0,265853.16,20808.379
10,500001.0,297600.2,20855.723
3070,322100.0,335754.62,20859.68
3968,61000.0,120171.3,20868.822
1850,156500.0,136483.25,20880.568
947,87200.0,122031.2,20886.5
3074,124600.0,167458.78,20893.232
415,355100.0,269739.25,20910.748
3780,266700.0,247869.7,20966.703
934,268800.0,264896.8,20966.729
2866,343400.0,366032.7,20975.1
1666,416900.0,346361.6,21029.154
1183,293800.0,271902.94,21063.016
1767,500001.0,373024.66,21096.477
2979,484600.0,373081.1,21142.768
1136,500001.0,442578.6,21145.514
1938,450000.0,267934.44,21234.062
821,153300.0,125873.21,21253.72
2098,196800.0,322090.75,21290.303
2544,440900.0,320617.06,21327.39
360,289600.0,290220.44,21338.135
1859,96700.0,169283.53,21408.443
938,316300.0,261058.53,21430.426
1362,342200.0,296427.3,21437.3
213,258800.0,262191.97,21497.21
3718,87500.0,155846.45,21512.855
737,500001.0,325604.7,21534.117
3620,500001.0,297379.7,21553.604
2209,500001.0,441334.34,21577.035
2812,283200.0,301295.78,21595.172
2420,418200.0,252590.5,21613.613
2451,313700.0,308813.84,21618.867
1210,500001.0,441993.2,21633.729
1024,362100.0,315793.53,21634.217
1286,330700.0,363339.16,21651.822
2480,329500.0,342319.34,21720.223
3866,353600.0,268899.62,21728.994
1468,175000.0,242566.84,21754.455
3660,336700.0,347909.16,21755.664
3137,114300.0,119866.33,21775.502
349,316700.0,400717.2,21777.943
203,382100.0,291090.56,21827.615
4000,112500.0,268539.47,21831.229
3739,381000.0,332056.75,21842.785
562,162500.0,126596.33,21876.885
626,140600.0,274899.47,21877.396
2270,61100.0,118355.9,21885.307
645,93600.0,119511.58,21901.578
402,409000.0,382481.44,21905.918
3934,335400.0,289204.4,21923.049
1737,359900.0,351455.34,21929.162
804,372700.0,411638.62,21975.064
1873,372900.0,308126.97,22021.85
1338,68600.0,118172.69,22078.537
1426,444100.0,446808.9,22106.254
187,312500.0,240277.84,22136.064
3712,380400.0,298186.1,22143.91
1415,350000.0,328766.3,22149.164
2888,285000.0,326468.8,22175.809
2782,500001.0,437557.1,22288.762
2061,352700.0,385968.8,22297.584
705,343600.0,341362.44,22312.828
2108,406200.0,345182.8,22330.299
2097,342900.0,286341.66,22390.27
1924,334000.0,350504.53,22395.271
3434,78500.0,118700.6,22411.738
3453,317900.0,320706.1,22503.738
3394,225000.0,252988.12,22504.006
1303,271600.0,292015.94,22557.79
3169,314900.0,302031.5,22568.0
435,471300.0,343925.06,22705.111
2211,500001.0,305284.9,22707.875
2434,375700.0,337622.75,22743.273
4122,345900.0,344729.1,22748.328
2013,500000.0,326691.97,22766.883
2561,500001.0,446673.6,22811.668
1301,187500.0,273416.56,22831.365
1812,63500.0,117215.81,22851.438
1785,298800.0,399972.66,22886.89
2829,62200.0,116244.1,22905.102
2219,287500.0,261840.4,22947.266
2894,90800.0,181849.36,22954.988
3001,489000.0,362161.9,22968.988
3641,434000.0,276802.8,22986.598
4022,500001.0,299161.6,23000.223
944,392200.0,399932.7,23012.03
915,500001.0,303396.3,23018.873
2284,53600.0,117164.73,23134.04
2272,416700.0,378826.5,23143.799
3706,339800.0,382445.56,23166.688
1104,328500.0,266949.7,23197.604
1598,500001.0,324123.53,23259.04
2943,335300.0,333726.38,23276.012
3628,425000.0,336965.94,23296.025
3482,56100.0,116521.164,23314.201
1474,408300.0,276447.9,23320.084
1333,67700.0,116627.4,23374.652
796,500001.0,447178.9,23380.064
3717,462200.0,407528.6,23395.42
1311,500001.0,315632.88,23430.69
4065,500001.0,343021.38,23476.08
283,476300.0,308047.1,23491.393
2446,75500.0,116891.875,23508.88
551,340700.0,354813.66,23510.65
167,500001.0,418359.6,23532.13
1665,500001.0,441752.3,23543.166
1084,374300.0,249031.9,23556.916
2993,411900.0,353116.38,23585.092
3954,312500.0,268409.38,23597.76
3514,482200.0,404681.94,23612.967
1214,500001.0,452433.4,23652.799
3200,350000.0,247497.28,23654.562
1519,500001.0,415979.84,23682.678
2522,500001.0,344199.5,23727.7
2005,53400.0,79083.57,23779.424
2338,365600.0,399563.0,23795.768
1776,500001.0,462412.4,23808.121
2375,275000.0,253201.33,23823.76
355,427200.0,309967.0,23836.99
876,394400.0,314027.84,23871.807
904,44400.0,76015.26,23880.762
327,275000.0,330999.75,23918.3
2857,381800.0,355618.7,23989.846
2951,446000.0,282355.7,24001.707
1965,500001.0,320992.1,24025.928
1037,444000.0,405755.7,24196.846
4059,359500.0,314498.2,24227.48
1160,424400.0,367942.44,24234.057
1101,468800.0,281186.34,24413.975
1094,433800.0,447571.0,24416.871
3571,500001.0,341684.84,24433.39
2914,500001.0,353019.94,24453.572
2197,415600.0,415264.7,24470.424
2003,327300.0,257789.0,24503.41
3592,325800.0,308024.7,24558.889
228,284800.0,365352.44,24569.943
2786,500001.0,339596.22,24616.49
727,500001.0,408775.72,24711.7
2573,500001.0,350182.2,24731.094
2660,27500.0,107372.586,24779.734
2372,454800.0,439826.1,24786.031
1013,383700.0,328199.84,24813.326
593,480800.0,340774.4,24821.602
3061,500001.0,322674.84,24859.25
2539,500001.0,290550.38,24887.629
3389,312500.0,266987.94,24890.66
3016,373100.0,319430.8,24936.623
3098,500001.0,325209.06,24953.496
2316,417900.0,251654.0,25047.314
2763,423400.0,399364.84,25054.277
1103,500001.0,411933.56,25066.473
212,321300.0,286267.78,25107.105
36,369700.0,373173.3,25155.309
3254,324000.0,286542.8,25181.314
151,402900.0,394552.16,25208.139
2932,69900.0,113033.71,25218.81
945,347700.0,330650.5,25255.97
207,58300.0,112971.77,25270.543
3268,500001.0,423895.0,25403.232
2588,500001.0,454315.9,25430.588
1230,356100.0,355382.78,25464.117
703,358000.0,322106.03,25479.865
3204,370500.0,334832.3,25526.596
2634,84700.0,112747.25,25528.588
2131,65800.0,112658.27,25555.232
2771,311800.0,340855.5,25565.727
4067,344700.0,358907.66,25566.684
4104,500001.0,437692.75,25683.031
696,69400.0,112535.29,25687.629
3129,307100.0,311188.56,25710.42
529,500001.0,454472.06,25725.758
3180,500001.0,361216.94,25726.732
762,332800.0,315788.22,25730.39
363,404000.0,358933.22,25774.549
401,470500.0,444534.75,25786.547
3720,412500.0,261725.84,25817.475
543,410400.0,404083.94,25886.148
2023,356000.0,364377.75,25886.488
2143,500001.0,362049.84,25906.746
2810,500001.0,276466.56,26008.922
985,447300.0,389441.0,26044.61
2476,325000.0,276375.22,26058.773
733,331000.0,294087.75,26072.342
2081,346900.0,332316.28,26130.568
3684,303900.0,290994.16,26184.215
1352,349200.0,369950.56,26266.373
60,416700.0,349864.16,26281.441
2556,500001.0,454417.4,26284.414
1593,500001.0,457215.16,26295.58
1082,500001.0,404019.3,26310.96
1675,500001.0,460406.8,26319.342
1116,500001.0,392059.7,26339.87
3253,500001.0,452392.9,26419.201
2985,500001.0,442619.0,26470.564
520,414400.0,396934.3,26492.295
728,262500.0,266678.4,26504.967
4008,406500.0,324596.25,26508.316
1490,350000.0,277847.8,26524.906
1456,500001.0,452112.2,26569.645
837,297200.0,320667.8,26670.98
305,500001.0,375665.22,26684.504
609,500001.0,412806.28,26685.988
3572,444300.0,279295.4,26729.205
566,394000.0,284925.6,26750.844
2821,375000.0,270241.94,26809.049
2019,500001.0,451908.7,26810.309
380,350000.0,346389.5,26922.705
3859,403000.0,355778.28,26935.416
2961,500001.0,458374.75,26971.824
2711,450000.0,292359.0,27024.822
2563,443300.0,344797.72,27111.803
734,500001.0,366936.56,27115.078
1655,500001.0,463669.34,27122.81
1559,500001.0,438012.1,27147.26
802,500001.0,457239.9,27218.322
3045,406800.0,405277.12,27234.361
929,500001.0,403383.25,27266.932
758,500001.0,427627.7,27298.791
1409,500001.0,340232.25,27449.213
293,68600.0,173247.48,27526.264
1440,350400.0,383269.28,27540.037
1496,411200.0,402436.34,27541.27
1476,500001.0,429794.3,27583.248
317,461100.0,279915.25,27600.115
3312,500001.0,454189.6,27639.678
2540,500001.0,423893.3,27705.678
1524,500001.0,456830.1,27744.146
1341,500001.0,335473.2,27755.406
1431,500001.0,461204.2,27808.236
1480,254300.0,280613.4,27814.998
2193,359100.0,281164.66,27827.318
4030,417800.0,391669.66,27891.303
1907,500001.0,434760.66,27899.248
336,435000.0,356149.6,27996.398
2594,500001.0,425303.0,28018.201
29,366100.0,275083.7,28062.723
780,450000.0,370555.9,28065.959
3146,309400.0,259427.88,28118.414
1429,439100.0,454647.7,28180.447
3761,355900.0,314224.06,28183.027
1385,387700.0,377000.0,28226.908
4058,423900.0,436684.25,28290.299
1263,450000.0,224465.16,28347.807
3733,500001.0,422571.2,28391.586
4113,500001.0,377828.84,28393.31
1449,466400.0,402990.34,28491.459
4035,431300.0,422815.0,28505.977
4098,387100.0,368454.88,28528.121
3916,131300.0,406675.56,28533.432
1125,372800.0,406630.06,28614.92
1401,500001.0,462473.6,28618.025
2980,500001.0,469576.3,28634.4
3369,500001.0,458675.4,28649.793
3734,333800.0,356871.16,28783.205
3401,360500.0,294522.0,28799.904
652,335900.0,311927.56,28810.541
966,500001.0,394243.5,28815.88
92,427300.0,341091.2,28816.377
96,500001.0,461225.6,28856.898
1536,500001.0,457644.9,28879.488
1825,500001.0,281350.94,28883.445
4004,500001.0,454474.84,29038.574
2070,418800.0,355435.66,29054.041
1580,500001.0,348603.4,29068.793
2099,433300.0,349202.5,29071.188
49,500001.0,461748.5,29090.082
3826,314800.0,272044.2,29102.03
1005,500001.0,415068.6,29112.184
4068,280400.0,267016.8,29161.475
541,500001.0,466989.7,29245.092
684,500001.0,349595.38,29265.898
3313,500001.0,461864.56,29322.02
2287,500001.0,461466.8,29388.396
2693,500001.0,469381.16,29405.318
3843,384400.0,325553.16,29407.035
1416,500001.0,463301.5,29579.63
2800,500001.0,424723.2,29593.285
1163,500000.0,332781.44,29637.164
1915,500001.0,459690.44,29699.682
890,500001.0,469488.16,29787.457
1487,500001.0,290331.9,29872.059
405,500001.0,278864.3,29941.922
109,423700.0,370813.94,30107.602
2157,500001.0,366022.9,30128.664
3558,500001.0,457375.1,30358.404
1505,473500.0,439475.06,30368.98
3038,500001.0,323629.34,30401.367
3659,358700.0,273182.2,30508.277
2590,500001.0,347466.66,30534.973
1029,268800.0,311186.34,30602.557
2881,500001.0,456119.66,30717.146
2066,500001.0,451839.16,30753.967
3918,500001.0,387620.0,30953.492
4027,455400.0,355345.06,30973.574
3700,500001.0,317016.3,31096.361
1614,394600.0,387615.9,31150.955
2890,500001.0,434144.3,31179.795
1267,500001.0,476192.84,31199.734
2608,386000.0,397453.2,31252.232
2181,500001.0,426537.9,31259.781
2435,500001.0,416913.78,31307.125
1725,500001.0,348407.38,31377.818
2344,500001.0,297663.66,31417.428
1911,500001.0,369666.94,31447.809
268,500001.0,331413.56,31458.488
3809,356100.0,300377.88,31497.582
874,500001.0,340992.6,31555.068
3211,500001.0,473740.3,31604.533
2384,500001.0,458448.3,31625.041
2159,470800.0,353660.22,31638.643
3298,500001.0,471840.7,31750.02
1654,500001.0,471726.1,31776.465
2076,500001.0,258145.47,31833.645
160,500001.0,474457.1,31875.14
1451,500001.0,435748.2,31893.602
287,500001.0,360384.6,31917.32
2950,358800.0,354972.0,31951.775
2352,500001.0,338668.16,32005.25
1074,500001.0,377122.06,32088.775
2844,456200.0,288762.56,32134.01
793,500001.0,478554.34,32317.295
2911,494400.0,360848.9,32319.96
983,500001.0,250579.75,32339.98
3133,425000.0,306899.66,32347.186
570,500001.0,463847.7,32356.47
3568,351700.0,386055.44,32396.85
2282,500001.0,475201.34,32504.566
81,500001.0,302193.9,32511.945
3216,500001.0,443305.2,32521.488
1054,355000.0,271852.7,32616.383
1240,500001.0,303299.0,32794.137
3214,471400.0,350080.66,32842.812
1463,500001.0,427967.2,32858.516
1534,500001.0,471880.4,32897.953
1063,477300.0,300032.2,33051.906
2537,500001.0,336113.44,33141.42
2033,355300.0,366050.56,33154.473
2654,500001.0,276692.56,33293.477
2972,500001.0,349664.8,33314.832
1187,474300.0,443185.7,33347.29
1413,500001.0,473565.7,33411.312
245,322900.0,291317.62,33480.37
930,500001.0,388711.06,33494.887
777,500001.0,478415.75,33522.73
623,364700.0,285124.8,33654.703
3080,500001.0,474818.6,33839.344
2299,479500.0,432211.5,34032.92
1928,424000.0,422362.4,34137.715
1625,340800.0,300439.06,34170.168
547,350000.0,358235.3,34191.207
3130,500001.0,475289.2,34307.855
3978,398300.0,335533.88,34423.688
1971,500001.0,319044.0,34424.598
2124,500001.0,457766.3,34451.18
3090,355300.0,362471.8,34500.836
3059,482700.0,401704.25,34527.215
137,500001.0,305974.25,35020.86
3328,500001.0,353896.97,35224.023
3213,500001.0,464990.6,35317.92
3125,500001.0,311223.1,35637.043
1906,500001.0,470130.3,35655.703
3461,405600.0,302155.06,35872.387
142,353800.0,340546.56,35915.355
1467,500001.0,325537.1,35984.062
304,365900.0,293341.1,36012.598
677,486400.0,341403.6,36104.004
316,500001.0,362300.9,36201.516
1395,175000.0,278979.5,36285.664
3687,365000.0,323658.97,36402.656
3251,500001.0,463398.7,36515.234
2378,500001.0,468794.1,36719.637
518,500001.0,454233.34,36726.62
111,436400.0,291530.25,36781.816
209,500001.0,485159.7,36845.75
3815,500001.0,485091.7,36985.7
2122,500001.0,484756.4,37050.89
4087,500001.0,301819.4,37292.28
429,465700.0,412624.8,37569.438
1484,500001.0,476360.16,37843.09
3019,350000.0,303592.4,38131.84
100,435100.0,343272.2,38610.86
1012,500001.0,299043.06,38890.695
3935,500001.0,478945.16,39163.17
3437,500001.0,390504.28,39431.77
1414,500001.0,441500.06,39881.438
3630,494700.0,408334.3,40414.465
1874,500001.0,489755.6,40469.156
3923,500001.0,491237.94,40928.074
1608,416700.0,444257.8,41328.2
3281,500001.0,357771.72,41443.137
3232,500001.0,395461.5,42445.34
1411,500001.0,332051.56,42598.387
1682,475000.0,386014.94,42803.7
1835,500001.0,384906.6,43269.06
3856,500001.0,392304.66,43287.598
2899,500001.0,379045.38,43362.652
3491,500001.0,330611.9,43693.44
2639,500001.0,390385.16,45789.812
2905,500001.0,400222.66,48269.105
1326,466700.0,397523.34,49475.63
128,500001.0,401991.66,49678.766
